step,timestamp,temperature,humidity,co2,light_intensity,plant_height
0,2026-05-01 00:00:00,16.73,81.38,851.29,0.24,5.045
1,2026-05-01 01:00:00,16.27,82.84,849.36,0.68,5.084
2,2026-05-01 02:00:00,15.98,83.15,850.1,0.0,5.12
3,2026-05-01 03:00:00,16.29,82.65,851.0,0.17,5.159
4,2026-05-01 04:00:00,16.92,81.33,849.69,0.42,5.206
5,2026-05-01 05:00:00,17.59,79.46,851.54,1.41,5.26
6,2026-05-01 06:00:00,19.06,76.58,801.28,1.34,5.317
7,2026-05-01 07:00:00,20.48,73.42,760.82,110.38,5.392
8,2026-05-01 08:00:00,22.09,69.67,724.63,300.73,5.483
9,2026-05-01 09:00:00,23.62,66.85,694.93,505.05,5.583
10,2026-05-01 10:00:00,25.05,63.21,671.53,684.84,5.688
11,2026-05-01 11:00:00,26.19,60.57,655.05,806.44,5.793
12,2026-05-01 12:00:00,27.37,58.46,650.03,850.04,5.885
13,2026-05-01 13:00:00,27.8,57.26,654.63,806.2,5.972
14,2026-05-01 14:00:00,27.94,56.58,670.31,686.27,6.054
15,2026-05-01 15:00:00,27.75,57.17,693.62,504.84,6.136
16,2026-05-01 16:00:00,27.09,58.77,725.44,299.63,6.217
17,2026-05-01 17:00:00,26.26,60.6,760.97,112.38,6.29
18,2026-05-01 18:00:00,25.07,63.63,801.7,0.0,6.346
19,2026-05-01 19:00:00,23.52,66.6,850.13,0.0,6.403
20,2026-05-01 20:00:00,21.95,70.12,851.64,0.0,6.46
21,2026-05-01 21:00:00,20.4,73.37,849.0,0.0,6.517
22,2026-05-01 22:00:00,19.03,76.59,851.23,0.19,6.574
23,2026-05-01 23:00:00,17.79,79.31,851.32,0.0,6.629
24,2026-05-02 00:00:00,16.78,81.26,850.83,1.06,6.675
25,2026-05-02 01:00:00,16.17,83.0,849.7,0.0,6.712
26,2026-05-02 02:00:00,15.98,83.25,849.77,2.83,6.748
27,2026-05-02 03:00:00,16.27,83.01,851.39,0.0,6.786
28,2026-05-02 04:00:00,16.78,81.02,849.35,1.39,6.832
29,2026-05-02 05:00:00,17.69,79.24,850.33,0.98,6.887
30,2026-05-02 06:00:00,18.97,76.56,800.81,0.32,6.943
31,2026-05-02 07:00:00,20.43,73.46,761.25,112.24,7.017
32,2026-05-02 08:00:00,22.15,69.95,724.46,302.29,7.108
33,2026-05-02 09:00:00,23.5,66.84,693.74,505.51,7.207
34,2026-05-02 10:00:00,25.06,63.58,671.09,684.78,7.311
35,2026-05-02 11:00:00,26.22,60.72,655.25,806.12,7.415
36,2026-05-02 12:00:00,27.23,58.72,650.17,851.95,7.508
37,2026-05-02 13:00:00,27.83,57.23,655.21,806.23,7.594
38,2026-05-02 14:00:00,27.92,56.87,669.24,684.59,7.676
39,2026-05-02 15:00:00,27.79,57.31,694.4,505.48,7.757
40,2026-05-02 16:00:00,27.05,58.54,724.22,300.38,7.837
41,2026-05-02 17:00:00,26.32,60.79,761.4,112.55,7.909
42,2026-05-02 18:00:00,24.89,63.43,800.62,0.0,7.964
43,2026-05-02 19:00:00,23.58,66.53,851.0,1.39,8.021
44,2026-05-02 20:00:00,21.96,70.22,849.81,2.58,8.078
45,2026-05-02 21:00:00,20.41,73.43,850.21,0.0,8.135
46,2026-05-02 22:00:00,18.87,76.48,851.08,0.0,8.192
47,2026-05-02 23:00:00,17.73,79.56,850.49,0.88,8.246
48,2026-05-03 00:00:00,16.87,81.3,850.12,0.19,8.292
49,2026-05-03 01:00:00,16.19,82.59,850.46,0.0,8.33
50,2026-05-03 02:00:00,15.93,83.08,849.59,1.05,8.365
51,2026-05-03 03:00:00,16.33,83.01,850.81,0.55,8.403
52,2026-05-03 04:00:00,16.63,81.6,852.63,0.57,8.447
53,2026-05-03 05:00:00,17.77,79.44,850.73,0.17,8.502
54,2026-05-03 06:00:00,18.97,76.65,798.63,0.0,8.557
55,2026-05-03 07:00:00,20.55,73.35,761.89,113.86,8.631
56,2026-05-03 08:00:00,22.09,69.92,725.32,299.06,8.72
57,2026-05-03 09:00:00,23.55,66.74,693.97,501.85,8.819
58,2026-05-03 10:00:00,24.83,63.28,671.43,685.29,8.922
59,2026-05-03 11:00:00,26.25,60.47,655.26,804.08,9.024
60,2026-05-03 12:00:00,27.22,58.75,649.18,851.36,9.117
61,2026-05-03 13:00:00,27.74,57.27,654.98,807.04,9.203
62,2026-05-03 14:00:00,28.11,56.93,669.42,681.58,9.283
63,2026-05-03 15:00:00,27.86,57.36,694.1,504.72,9.362
64,2026-05-03 16:00:00,27.32,58.3,724.22,298.69,9.44
65,2026-05-03 17:00:00,26.27,60.6,763.29,111.94,9.511
66,2026-05-03 18:00:00,24.98,63.49,799.27,0.0,9.566
67,2026-05-03 19:00:00,23.59,66.51,850.98,0.42,9.622
68,2026-05-03 20:00:00,22.01,70.01,849.91,0.51,9.679
69,2026-05-03 21:00:00,20.42,73.12,850.08,0.0,9.735
70,2026-05-03 22:00:00,18.9,76.72,849.62,0.0,9.791
71,2026-05-03 23:00:00,17.75,79.23,848.3,0.39,9.845
72,2026-05-04 00:00:00,16.73,81.54,849.1,1.22,9.889
73,2026-05-04 01:00:00,16.24,82.77,849.24,1.13,9.926
74,2026-05-04 02:00:00,16.04,83.15,850.58,0.0,9.962
75,2026-05-04 03:00:00,16.11,82.74,850.07,0.53,9.999
76,2026-05-04 04:00:00,16.81,81.62,848.71,0.71,10.043
77,2026-05-04 05:00:00,17.77,79.54,850.12,0.4,10.097
78,2026-05-04 06:00:00,19.13,76.72,800.61,0.0,10.152
79,2026-05-04 07:00:00,20.46,73.17,760.33,112.73,10.225
80,2026-05-04 08:00:00,21.87,70.01,725.02,301.01,10.315
81,2026-05-04 09:00:00,23.43,66.28,695.04,505.55,10.412
82,2026-05-04 10:00:00,25.03,63.64,670.27,682.58,10.514
83,2026-05-04 11:00:00,26.22,60.79,654.69,806.55,10.616
84,2026-05-04 12:00:00,27.15,58.79,651.24,847.74,10.709
85,2026-05-04 13:00:00,27.94,57.13,657.14,805.29,10.792
86,2026-05-04 14:00:00,28.08,56.72,669.94,686.14,10.871
87,2026-05-04 15:00:00,27.74,57.3,694.24,506.9,10.951
88,2026-05-04 16:00:00,27.3,58.85,725.3,301.03,11.029
89,2026-05-04 17:00:00,26.2,60.55,759.86,111.64,11.1
90,2026-05-04 18:00:00,25.01,63.4,800.57,0.0,11.155
91,2026-05-04 19:00:00,23.68,66.63,851.09,0.43,11.21
92,2026-05-04 20:00:00,21.93,69.95,846.7,0.27,11.266
93,2026-05-04 21:00:00,20.44,73.6,848.24,0.0,11.322
94,2026-05-04 22:00:00,18.98,76.41,848.53,0.0,11.377
95,2026-05-04 23:00:00,17.83,79.48,848.56,0.0,11.432
96,2026-05-05 00:00:00,16.84,81.48,848.48,0.0,11.475
97,2026-05-05 01:00:00,16.1,82.9,852.6,0.0,11.512
98,2026-05-05 02:00:00,15.84,83.32,851.56,1.85,11.546
99,2026-05-05 03:00:00,16.22,82.83,850.09,0.9,11.583
100,2026-05-05 04:00:00,16.87,81.32,849.41,0.0,11.628
101,2026-05-05 05:00:00,17.74,79.36,851.12,0.0,11.681
102,2026-05-05 06:00:00,19.07,76.57,797.13,0.0,11.735
103,2026-05-05 07:00:00,20.43,73.5,761.77,111.91,11.808
104,2026-05-05 08:00:00,21.94,70.14,724.32,299.03,11.896
105,2026-05-05 09:00:00,23.5,66.5,693.82,504.85,11.993
106,2026-05-05 10:00:00,24.97,63.51,670.89,685.7,12.094
107,2026-05-05 11:00:00,26.22,60.57,654.88,806.74,12.196
108,2026-05-05 12:00:00,27.26,58.53,648.8,848.95,12.286
109,2026-05-05 13:00:00,27.93,57.11,653.85,806.56,12.368
110,2026-05-05 14:00:00,28.13,56.81,670.39,683.07,12.447
111,2026-05-05 15:00:00,27.68,57.25,693.48,505.9,12.526
112,2026-05-05 16:00:00,27.11,58.73,726.36,298.59,12.604
113,2026-05-05 17:00:00,26.26,60.62,762.62,112.2,12.675
114,2026-05-05 18:00:00,25.07,63.39,800.31,2.67,12.729
115,2026-05-05 19:00:00,23.71,66.33,850.38,0.3,12.785
116,2026-05-05 20:00:00,21.92,69.88,850.18,1.2,12.84
117,2026-05-05 21:00:00,20.49,73.35,848.94,0.0,12.895
118,2026-05-05 22:00:00,19.12,76.52,849.14,0.42,12.95
119,2026-05-05 23:00:00,17.75,79.33,850.66,0.0,13.004
120,2026-05-06 00:00:00,16.72,81.41,850.07,0.0,13.047
121,2026-05-06 01:00:00,16.12,82.59,850.82,1.73,13.084
122,2026-05-06 02:00:00,16.1,83.06,849.31,0.0,13.119
123,2026-05-06 03:00:00,16.34,82.68,849.96,0.0,13.157
124,2026-05-06 04:00:00,16.82,81.27,849.38,0.0,13.201
125,2026-05-06 05:00:00,17.58,79.37,850.74,1.21,13.254
126,2026-05-06 06:00:00,19.12,76.74,799.93,0.68,13.307
127,2026-05-06 07:00:00,20.41,73.54,760.89,109.02,13.379
128,2026-05-06 08:00:00,22.0,70.01,723.82,301.11,13.467
129,2026-05-06 09:00:00,23.64,66.41,694.69,506.5,13.563
130,2026-05-06 10:00:00,24.93,63.33,669.0,684.31,13.663
131,2026-05-06 11:00:00,26.24,60.84,654.47,804.98,13.763
132,2026-05-06 12:00:00,26.96,58.47,648.69,850.23,13.855
133,2026-05-06 13:00:00,27.81,57.01,655.47,806.66,13.938
134,2026-05-06 14:00:00,27.98,56.72,671.06,685.78,14.017
135,2026-05-06 15:00:00,27.81,57.42,693.97,505.59,14.095
136,2026-05-06 16:00:00,27.24,58.53,723.8,302.72,14.171
137,2026-05-06 17:00:00,26.31,60.47,760.19,110.59,14.241
138,2026-05-06 18:00:00,24.89,63.45,801.5,0.48,14.294
139,2026-05-06 19:00:00,23.67,66.52,850.26,0.0,14.349
140,2026-05-06 20:00:00,22.0,70.16,850.71,1.28,14.404
141,2026-05-06 21:00:00,20.42,73.55,851.45,0.7,14.459
142,2026-05-06 22:00:00,18.9,76.64,850.24,0.0,14.514
143,2026-05-06 23:00:00,17.68,79.21,851.15,0.17,14.566
144,2026-05-07 00:00:00,16.93,81.16,850.42,2.0,14.611
145,2026-05-07 01:00:00,16.34,82.67,851.59,1.37,14.649
146,2026-05-07 02:00:00,16.09,83.23,851.01,1.14,14.684
147,2026-05-07 03:00:00,16.16,82.34,851.14,1.33,14.721
148,2026-05-07 04:00:00,16.86,81.37,849.6,0.0,14.765
149,2026-05-07 05:00:00,17.88,79.32,850.86,0.0,14.819
150,2026-05-07 06:00:00,18.82,76.72,801.23,2.35,14.872
151,2026-05-07 07:00:00,20.44,73.35,761.35,110.64,14.944
152,2026-05-07 08:00:00,21.94,70.09,724.78,299.88,15.03
153,2026-05-07 09:00:00,23.58,66.53,696.35,505.06,15.126
154,2026-05-07 10:00:00,25.12,63.51,671.08,685.5,15.225
155,2026-05-07 11:00:00,26.23,60.67,654.52,807.4,15.325
156,2026-05-07 12:00:00,27.27,58.2,648.74,848.51,15.413
157,2026-05-07 13:00:00,27.84,57.34,654.7,808.81,15.495
158,2026-05-07 14:00:00,27.97,56.88,670.89,684.83,15.574
159,2026-05-07 15:00:00,27.87,57.19,693.91,505.55,15.65
160,2026-05-07 16:00:00,27.25,58.78,724.24,298.79,15.726
161,2026-05-07 17:00:00,26.29,60.35,761.22,112.64,15.796
162,2026-05-07 18:00:00,24.87,63.27,799.69,0.0,15.849
163,2026-05-07 19:00:00,23.55,66.64,850.69,0.0,15.903
164,2026-05-07 20:00:00,22.09,69.96,849.58,1.39,15.957
165,2026-05-07 21:00:00,20.41,73.28,848.11,1.57,16.012
166,2026-05-07 22:00:00,18.87,76.4,847.87,0.0,16.066
167,2026-05-07 23:00:00,17.62,79.51,849.31,0.0,16.118
168,2026-05-08 00:00:00,16.83,81.27,849.87,1.14,16.161
169,2026-05-08 01:00:00,16.14,82.69,849.26,0.0,16.197
170,2026-05-08 02:00:00,16.23,82.88,850.91,0.07,16.233
171,2026-05-08 03:00:00,16.15,82.9,851.25,0.0,16.269
172,2026-05-08 04:00:00,16.8,81.34,850.45,0.22,16.312
173,2026-05-08 05:00:00,17.76,79.4,850.51,1.86,16.365
174,2026-05-08 06:00:00,18.94,76.59,802.45,0.0,16.418
175,2026-05-08 07:00:00,20.54,73.27,761.91,111.71,16.488
176,2026-05-08 08:00:00,22.03,69.96,726.3,300.48,16.575
177,2026-05-08 09:00:00,23.54,66.66,693.23,502.49,16.669
178,2026-05-08 10:00:00,24.89,63.29,671.82,687.89,16.768
179,2026-05-08 11:00:00,26.14,60.69,654.43,807.25,16.867
180,2026-05-08 12:00:00,27.1,58.62,649.2,848.51,16.957
181,2026-05-08 13:00:00,27.75,56.95,655.79,805.86,17.038
182,2026-05-08 14:00:00,28.11,56.93,671.34,684.54,17.115
183,2026-05-08 15:00:00,27.9,57.45,693.55,505.51,17.191
184,2026-05-08 16:00:00,27.31,58.59,724.3,301.9,17.266
185,2026-05-08 17:00:00,26.34,60.53,761.64,111.97,17.334
186,2026-05-08 18:00:00,25.09,63.29,801.35,1.19,17.387
187,2026-05-08 19:00:00,23.53,66.5,848.83,1.81,17.441
188,2026-05-08 20:00:00,21.93,69.97,851.94,1.03,17.495
189,2026-05-08 21:00:00,20.47,73.46,849.82,0.0,17.549
190,2026-05-08 22:00:00,19.05,76.43,852.18,0.0,17.603
191,2026-05-08 23:00:00,17.74,79.34,849.41,0.07,17.655
192,2026-05-09 00:00:00,16.86,81.66,850.18,0.03,17.697
193,2026-05-09 01:00:00,16.23,82.76,849.28,0.05,17.733
194,2026-05-09 02:00:00,16.1,83.22,850.04,0.0,17.768
195,2026-05-09 03:00:00,16.25,82.82,850.49,0.0,17.804
196,2026-05-09 04:00:00,16.63,81.34,849.99,0.0,17.845
197,2026-05-09 05:00:00,17.81,79.2,847.79,1.07,17.898
198,2026-05-09 06:00:00,18.98,76.6,798.23,0.0,17.95
199,2026-05-09 07:00:00,20.44,73.43,762.1,111.14,18.02
200,2026-05-09 08:00:00,21.98,70.26,724.87,302.35,18.106
201,2026-05-09 09:00:00,23.42,66.56,695.19,506.31,18.2
202,2026-05-09 10:00:00,25.12,63.35,670.25,682.09,18.297
203,2026-05-09 11:00:00,26.14,60.75,654.5,808.01,18.396
204,2026-05-09 12:00:00,27.17,58.65,649.16,848.7,18.484
205,2026-05-09 13:00:00,27.88,57.34,655.13,808.0,18.565
206,2026-05-09 14:00:00,28.07,56.97,669.78,684.12,18.641
207,2026-05-09 15:00:00,27.8,57.3,692.61,502.64,18.717
208,2026-05-09 16:00:00,27.23,58.75,725.14,300.21,18.792
209,2026-05-09 17:00:00,26.26,60.7,760.17,112.28,18.86
210,2026-05-09 18:00:00,25.09,63.46,799.87,0.96,18.912
211,2026-05-09 19:00:00,23.6,66.43,851.32,1.05,18.966
212,2026-05-09 20:00:00,22.03,70.07,850.24,0.0,19.019
213,2026-05-09 21:00:00,20.5,73.42,851.14,0.0,19.073
214,2026-05-09 22:00:00,18.94,76.47,851.06,0.0,19.126
215,2026-05-09 23:00:00,17.72,79.15,852.56,0.14,19.178
216,2026-05-10 00:00:00,16.76,81.36,851.18,0.0,19.22
217,2026-05-10 01:00:00,16.12,82.74,851.64,1.57,19.255
218,2026-05-10 02:00:00,16.1,83.1,848.57,0.0,19.289
219,2026-05-10 03:00:00,16.17,82.75,850.92,0.0,19.325
220,2026-05-10 04:00:00,16.75,81.27,850.73,0.52,19.367
221,2026-05-10 05:00:00,17.82,79.14,849.52,1.61,19.419
222,2026-05-10 06:00:00,19.03,76.78,800.97,0.92,19.471
223,2026-05-10 07:00:00,20.4,73.4,761.5,114.86,19.541
224,2026-05-10 08:00:00,22.06,69.99,725.19,301.06,19.626
225,2026-05-10 09:00:00,23.54,66.69,695.04,508.49,19.719
226,2026-05-10 10:00:00,25.11,63.45,669.48,683.54,19.816
227,2026-05-10 11:00:00,26.32,60.85,656.61,807.34,19.913
228,2026-05-10 12:00:00,27.2,58.56,650.84,847.44,20.0
229,2026-05-10 13:00:00,27.67,56.88,654.68,806.78,20.08
230,2026-05-10 14:00:00,28.09,56.81,670.63,684.9,20.156
231,2026-05-10 15:00:00,27.76,57.09,694.19,505.38,20.231
232,2026-05-10 16:00:00,27.12,58.48,723.93,299.46,20.306
233,2026-05-10 17:00:00,26.34,60.72,761.7,110.74,20.373
234,2026-05-10 18:00:00,24.96,63.58,799.32,0.0,20.425
235,2026-05-10 19:00:00,23.6,66.76,851.24,0.28,20.478
236,2026-05-10 20:00:00,21.95,70.05,850.51,0.0,20.531
237,2026-05-10 21:00:00,20.43,73.53,851.97,0.0,20.584
238,2026-05-10 22:00:00,19.0,76.36,850.07,0.0,20.636
239,2026-05-10 23:00:00,17.91,79.42,848.94,1.95,20.689
240,2026-05-11 00:00:00,16.69,81.54,851.82,0.51,20.73
241,2026-05-11 01:00:00,16.26,82.83,849.89,0.39,20.765
242,2026-05-11 02:00:00,15.89,83.29,849.34,1.1,20.798
243,2026-05-11 03:00:00,16.18,82.74,849.82,0.0,20.833
244,2026-05-11 04:00:00,16.85,81.4,848.99,0.0,20.875
245,2026-05-11 05:00:00,17.75,79.4,850.23,0.0,20.926
246,2026-05-11 06:00:00,19.02,76.94,799.75,0.0,20.978
247,2026-05-11 07:00:00,20.36,73.32,762.37,113.47,21.047
248,2026-05-11 08:00:00,21.96,70.03,724.9,298.96,21.131
249,2026-05-11 09:00:00,23.56,66.64,692.87,505.71,21.223
250,2026-05-11 10:00:00,25.08,63.14,670.29,686.03,21.32
251,2026-05-11 11:00:00,26.32,60.5,654.72,806.98,21.415
252,2026-05-11 12:00:00,27.28,58.86,650.23,851.61,21.501
253,2026-05-11 13:00:00,27.78,57.2,656.2,808.98,21.581
254,2026-05-11 14:00:00,28.14,56.69,669.1,687.13,21.655
255,2026-05-11 15:00:00,27.64,57.22,693.32,507.18,21.731
256,2026-05-11 16:00:00,27.21,58.65,725.18,300.2,21.805
257,2026-05-11 17:00:00,26.29,60.53,760.14,111.38,21.872
258,2026-05-11 18:00:00,24.99,63.29,800.11,2.77,21.924
259,2026-05-11 19:00:00,23.53,66.72,849.7,1.46,21.976
260,2026-05-11 20:00:00,21.91,70.14,850.36,0.52,22.029
261,2026-05-11 21:00:00,20.35,73.35,851.36,0.0,22.081
262,2026-05-11 22:00:00,18.97,76.67,851.97,1.51,22.134
263,2026-05-11 23:00:00,17.86,79.26,850.19,0.0,22.186
264,2026-05-12 00:00:00,16.78,81.45,849.24,1.64,22.227
265,2026-05-12 01:00:00,16.21,82.69,849.11,1.57,22.262
266,2026-05-12 02:00:00,16.05,83.16,848.79,0.98,22.296
267,2026-05-12 03:00:00,16.19,82.89,850.0,1.76,22.331
268,2026-05-12 04:00:00,16.8,81.67,850.79,0.0,22.372
269,2026-05-12 05:00:00,17.73,79.57,850.27,0.0,22.422
270,2026-05-12 06:00:00,19.01,76.77,800.37,0.0,22.473
271,2026-05-12 07:00:00,20.32,73.67,760.25,113.24,22.542
272,2026-05-12 08:00:00,21.88,69.92,724.13,301.59,22.625
273,2026-05-12 09:00:00,23.51,66.67,695.68,505.57,22.717
274,2026-05-12 10:00:00,24.93,63.35,669.09,686.09,22.812
275,2026-05-12 11:00:00,26.29,60.71,654.05,804.18,22.907
276,2026-05-12 12:00:00,27.17,58.52,649.02,848.88,22.993
277,2026-05-12 13:00:00,27.77,57.37,653.02,806.3,23.072
278,2026-05-12 14:00:00,28.07,56.47,669.93,685.08,23.146
279,2026-05-12 15:00:00,27.8,57.52,693.91,504.55,23.22
280,2026-05-12 16:00:00,27.16,58.57,724.08,298.59,23.293
281,2026-05-12 17:00:00,26.18,60.62,762.83,111.12,23.36
282,2026-05-12 18:00:00,24.95,63.19,801.34,0.46,23.411
283,2026-05-12 19:00:00,23.61,66.65,849.29,0.26,23.463
284,2026-05-12 20:00:00,21.93,70.07,851.2,3.23,23.516
285,2026-05-12 21:00:00,20.38,73.6,850.88,0.0,23.568
286,2026-05-12 22:00:00,19.02,76.8,849.37,0.55,23.62
287,2026-05-12 23:00:00,17.75,79.39,849.27,0.11,23.671
288,2026-05-13 00:00:00,16.84,81.35,849.17,0.0,23.712
289,2026-05-13 01:00:00,16.17,82.76,849.24,1.12,23.747
290,2026-05-13 02:00:00,16.02,82.99,851.46,0.0,23.78
291,2026-05-13 03:00:00,16.18,82.92,849.21,2.58,23.815
292,2026-05-13 04:00:00,16.63,81.0,850.22,0.0,23.855
293,2026-05-13 05:00:00,17.76,79.21,849.7,0.36,23.906
294,2026-05-13 06:00:00,19.01,76.56,799.53,0.0,23.956
295,2026-05-13 07:00:00,20.4,73.59,760.11,112.27,24.024
296,2026-05-13 08:00:00,22.02,69.73,725.32,301.94,24.107
297,2026-05-13 09:00:00,23.54,66.68,693.87,505.61,24.198
298,2026-05-13 10:00:00,25.06,63.38,670.66,683.1,24.292
299,2026-05-13 11:00:00,26.25,60.4,654.7,806.07,24.387
300,2026-05-13 12:00:00,27.23,58.51,651.86,849.51,24.472
301,2026-05-13 13:00:00,27.72,56.94,655.09,806.51,24.55
302,2026-05-13 14:00:00,28.06,56.93,670.87,683.89,24.624
303,2026-05-13 15:00:00,27.7,57.19,693.02,505.58,24.698
304,2026-05-13 16:00:00,27.17,58.68,724.47,298.2,24.771
305,2026-05-13 17:00:00,26.29,61.05,761.82,109.97,24.836
306,2026-05-13 18:00:00,24.89,63.64,799.86,0.0,24.887
307,2026-05-13 19:00:00,23.51,66.73,850.21,0.0,24.938
308,2026-05-13 20:00:00,21.96,69.96,849.52,0.93,24.99
309,2026-05-13 21:00:00,20.38,73.35,851.64,2.17,25.042
310,2026-05-13 22:00:00,19.14,76.66,850.84,0.0,25.094
311,2026-05-13 23:00:00,17.7,79.11,850.5,0.9,25.143
312,2026-05-14 00:00:00,16.85,81.38,849.62,1.19,25.185
313,2026-05-14 01:00:00,16.13,82.78,851.23,0.67,25.219
314,2026-05-14 02:00:00,16.03,83.28,850.48,0.0,25.251
315,2026-05-14 03:00:00,16.08,82.47,850.27,0.0,25.285
316,2026-05-14 04:00:00,16.94,81.45,852.17,0.0,25.327
317,2026-05-14 05:00:00,17.87,79.41,851.38,0.0,25.378
318,2026-05-14 06:00:00,18.94,76.52,801.53,0.67,25.428
319,2026-05-14 07:00:00,20.54,73.26,762.87,113.53,25.496
320,2026-05-14 08:00:00,21.96,69.89,724.96,301.24,25.578
321,2026-05-14 09:00:00,23.54,66.68,692.78,507.09,25.667
322,2026-05-14 10:00:00,25.09,63.54,669.07,686.27,25.761
323,2026-05-14 11:00:00,26.16,60.88,653.86,806.68,25.856
324,2026-05-14 12:00:00,27.26,58.41,648.09,849.35,25.939
325,2026-05-14 13:00:00,27.76,57.18,655.23,806.83,26.017
326,2026-05-14 14:00:00,28.0,56.67,669.63,685.55,26.09
327,2026-05-14 15:00:00,27.72,57.07,693.86,508.19,26.164
328,2026-05-14 16:00:00,27.36,58.21,724.52,300.3,26.234
329,2026-05-14 17:00:00,26.23,60.65,760.54,111.63,26.299
330,2026-05-14 18:00:00,24.91,63.15,798.85,0.0,26.349
331,2026-05-14 19:00:00,23.6,66.93,849.3,1.19,26.401
332,2026-05-14 20:00:00,21.99,69.94,850.66,0.0,26.452
333,2026-05-14 21:00:00,20.39,73.3,849.0,0.0,26.503
334,2026-05-14 22:00:00,19.03,76.63,848.87,0.0,26.554
335,2026-05-14 23:00:00,17.83,79.3,849.84,0.0,26.604
336,2026-05-15 00:00:00,16.79,81.29,851.13,1.32,26.645
337,2026-05-15 01:00:00,16.21,82.36,850.02,0.03,26.68
338,2026-05-15 02:00:00,16.05,83.27,851.2,0.0,26.712
339,2026-05-15 03:00:00,16.03,83.02,851.95,0.71,26.745
340,2026-05-15 04:00:00,16.68,81.56,849.95,0.0,26.784
341,2026-05-15 05:00:00,17.81,79.73,850.15,0.0,26.834
342,2026-05-15 06:00:00,18.92,76.54,801.87,0.0,26.884
343,2026-05-15 07:00:00,20.41,73.34,761.51,110.56,26.951
344,2026-05-15 08:00:00,22.04,69.88,725.66,302.67,27.032
345,2026-05-15 09:00:00,23.51,66.63,694.8,506.28,27.121
346,2026-05-15 10:00:00,25.04,63.6,667.66,684.86,27.214
347,2026-05-15 11:00:00,26.17,60.73,656.49,807.27,27.308
348,2026-05-15 12:00:00,27.16,58.66,652.39,849.75,27.392
349,2026-05-15 13:00:00,27.79,57.32,655.02,808.17,27.469
350,2026-05-15 14:00:00,27.91,56.72,667.7,685.16,27.543
351,2026-05-15 15:00:00,27.81,57.14,693.08,505.77,27.614
352,2026-05-15 16:00:00,27.4,58.38,725.47,300.28,27.684
353,2026-05-15 17:00:00,26.05,60.8,761.31,111.0,27.75
354,2026-05-15 18:00:00,24.99,63.31,801.38,0.0,27.8
355,2026-05-15 19:00:00,23.43,66.58,849.3,2.2,27.851
356,2026-05-15 20:00:00,21.98,70.2,849.88,0.0,27.902
357,2026-05-15 21:00:00,20.62,73.32,849.52,1.64,27.953
358,2026-05-15 22:00:00,19.1,76.69,850.53,2.49,28.004
359,2026-05-15 23:00:00,17.89,79.48,850.23,0.0,28.054
360,2026-05-16 00:00:00,16.84,81.37,851.87,0.0,28.094
361,2026-05-16 01:00:00,16.19,82.71,850.65,0.0,28.128
362,2026-05-16 02:00:00,16.06,83.42,850.23,1.07,28.16
363,2026-05-16 03:00:00,16.26,82.87,848.56,0.0,28.194
364,2026-05-16 04:00:00,16.84,81.51,850.22,0.0,28.234
365,2026-05-16 05:00:00,17.69,79.04,851.75,0.0,28.283
366,2026-05-16 06:00:00,19.01,76.73,799.14,0.0,28.332
367,2026-05-16 07:00:00,20.44,73.09,761.08,111.11,28.398
368,2026-05-16 08:00:00,22.03,69.7,725.65,301.76,28.479
369,2026-05-16 09:00:00,23.49,66.64,693.88,507.4,28.567
370,2026-05-16 10:00:00,25.06,63.39,668.38,683.36,28.659
371,2026-05-16 11:00:00,26.21,60.54,654.45,808.35,28.752
372,2026-05-16 12:00:00,27.21,58.72,650.02,849.85,28.835
373,2026-05-16 13:00:00,27.74,57.07,655.26,808.69,28.911
374,2026-05-16 14:00:00,28.0,56.91,669.11,684.63,28.984
375,2026-05-16 15:00:00,27.79,57.28,693.9,505.39,29.056
376,2026-05-16 16:00:00,27.18,58.64,725.41,300.03,29.126
377,2026-05-16 17:00:00,26.18,60.55,762.88,112.34,29.191
378,2026-05-16 18:00:00,25.07,63.52,800.1,0.43,29.241
379,2026-05-16 19:00:00,23.58,66.36,850.43,0.0,29.291
380,2026-05-16 20:00:00,21.94,70.04,852.79,0.0,29.341
381,2026-05-16 21:00:00,20.29,73.43,848.0,0.0,29.391
382,2026-05-16 22:00:00,18.84,76.67,849.94,0.0,29.442
383,2026-05-16 23:00:00,17.85,79.36,850.63,0.0,29.491
384,2026-05-17 00:00:00,16.83,81.26,852.38,1.16,29.531
385,2026-05-17 01:00:00,16.22,82.91,850.16,0.0,29.565
386,2026-05-17 02:00:00,16.01,82.93,849.56,0.28,29.597
387,2026-05-17 03:00:00,16.15,83.06,849.64,0.32,29.63
388,2026-05-17 04:00:00,16.95,81.55,852.15,0.2,29.67
389,2026-05-17 05:00:00,17.64,78.96,848.75,0.27,29.718
390,2026-05-17 06:00:00,19.07,76.75,798.67,0.0,29.767
391,2026-05-17 07:00:00,20.48,73.08,760.27,112.19,29.833
392,2026-05-17 08:00:00,22.01,70.14,725.09,300.1,29.912
393,2026-05-17 09:00:00,23.48,66.63,693.63,506.36,30.0
394,2026-05-17 10:00:00,24.9,63.67,669.37,684.51,30.092
395,2026-05-17 11:00:00,26.3,60.76,655.64,806.15,30.183
396,2026-05-17 12:00:00,27.03,58.54,650.69,850.53,30.266
397,2026-05-17 13:00:00,27.87,57.19,654.31,805.41,30.341
398,2026-05-17 14:00:00,28.04,56.83,670.03,684.93,30.413
399,2026-05-17 15:00:00,27.77,57.19,694.59,504.43,30.484
400,2026-05-17 16:00:00,27.31,58.8,726.72,302.06,30.553
401,2026-05-17 17:00:00,26.2,60.81,761.07,112.07,30.618
402,2026-05-17 18:00:00,25.03,63.37,800.0,0.92,30.667
403,2026-05-17 19:00:00,23.62,66.7,852.54,2.66,30.717
404,2026-05-17 20:00:00,22.01,70.02,850.43,0.81,30.767
405,2026-05-17 21:00:00,20.57,73.31,849.4,0.0,30.817
406,2026-05-17 22:00:00,19.23,76.8,848.42,0.16,30.867
407,2026-05-17 23:00:00,17.62,79.4,849.82,1.68,30.915
408,2026-05-18 00:00:00,16.91,81.69,850.39,0.87,30.954
409,2026-05-18 01:00:00,16.3,82.86,849.25,0.0,30.988
410,2026-05-18 02:00:00,16.04,82.96,851.71,0.0,31.02
411,2026-05-18 03:00:00,16.3,82.72,848.5,0.36,31.054
412,2026-05-18 04:00:00,16.78,81.24,851.11,0.16,31.093
413,2026-05-18 05:00:00,17.75,79.6,848.53,1.96,31.142
414,2026-05-18 06:00:00,19.06,76.66,797.46,0.66,31.191
415,2026-05-18 07:00:00,20.42,73.66,761.12,110.13,31.255
416,2026-05-18 08:00:00,21.96,69.93,725.37,300.14,31.335
417,2026-05-18 09:00:00,23.64,66.7,693.37,507.83,31.422
418,2026-05-18 10:00:00,25.02,63.25,669.52,686.79,31.512
419,2026-05-18 11:00:00,26.34,60.8,654.16,806.0,31.602
420,2026-05-18 12:00:00,27.16,58.81,650.0,850.86,31.684
421,2026-05-18 13:00:00,27.68,56.9,655.04,807.59,31.76
422,2026-05-18 14:00:00,28.01,56.86,669.91,685.31,31.831
423,2026-05-18 15:00:00,27.83,57.2,692.65,505.04,31.901
424,2026-05-18 16:00:00,27.29,58.21,724.36,300.52,31.969
425,2026-05-18 17:00:00,26.13,60.91,760.99,112.32,32.034
426,2026-05-18 18:00:00,24.94,63.31,799.88,0.0,32.082
427,2026-05-18 19:00:00,23.51,66.45,850.59,0.0,32.131
428,2026-05-18 20:00:00,22.09,70.06,849.76,0.74,32.181
429,2026-05-18 21:00:00,20.35,73.39,848.89,0.0,32.23
430,2026-05-18 22:00:00,18.95,76.42,848.94,0.35,32.28
431,2026-05-18 23:00:00,17.7,79.15,850.09,0.45,32.328
432,2026-05-19 00:00:00,16.79,81.23,851.11,0.0,32.367
433,2026-05-19 01:00:00,16.31,82.73,850.9,0.0,32.401
434,2026-05-19 02:00:00,15.97,83.13,851.74,0.0,32.432
435,2026-05-19 03:00:00,16.11,82.67,849.22,0.0,32.464
436,2026-05-19 04:00:00,16.73,81.28,850.72,0.0,32.503
437,2026-05-19 05:00:00,17.81,79.47,850.93,0.0,32.551
438,2026-05-19 06:00:00,18.89,76.58,800.03,0.0,32.6
439,2026-05-19 07:00:00,20.53,73.67,760.52,111.45,32.664
440,2026-05-19 08:00:00,22.13,70.05,725.29,300.73,32.743
441,2026-05-19 09:00:00,23.4,66.43,695.23,503.95,32.829
442,2026-05-19 10:00:00,25.08,63.49,669.19,685.98,32.919
443,2026-05-19 11:00:00,26.28,60.95,655.26,807.11,33.008
444,2026-05-19 12:00:00,27.11,58.86,647.79,850.15,33.09
445,2026-05-19 13:00:00,27.82,57.31,655.56,806.83,33.164
446,2026-05-19 14:00:00,28.12,56.97,671.09,688.09,33.235
447,2026-05-19 15:00:00,27.74,57.22,694.12,503.72,33.305
448,2026-05-19 16:00:00,27.29,58.51,725.1,301.02,33.373
449,2026-05-19 17:00:00,26.24,60.52,761.5,110.5,33.436
450,2026-05-19 18:00:00,25.0,63.34,800.58,0.66,33.484
451,2026-05-19 19:00:00,23.53,66.68,850.69,0.81,33.533
452,2026-05-19 20:00:00,21.89,69.61,849.92,0.0,33.582
453,2026-05-19 21:00:00,20.47,73.19,850.42,0.0,33.631
454,2026-05-19 22:00:00,18.85,76.3,850.18,0.0,33.68
455,2026-05-19 23:00:00,17.8,79.36,851.42,1.69,33.728
456,2026-05-20 00:00:00,16.91,81.25,849.53,0.98,33.768
457,2026-05-20 01:00:00,16.17,82.77,848.64,0.62,33.801
458,2026-05-20 02:00:00,16.0,83.03,851.3,0.0,33.832
459,2026-05-20 03:00:00,16.25,82.92,849.96,0.0,33.865
460,2026-05-20 04:00:00,16.88,81.64,849.91,0.0,33.903
461,2026-05-20 05:00:00,17.67,79.23,851.56,0.0,33.95
462,2026-05-20 06:00:00,18.95,76.38,799.0,0.09,33.998
463,2026-05-20 07:00:00,20.44,73.35,761.22,112.14,34.062
464,2026-05-20 08:00:00,21.88,70.02,724.18,299.65,34.14
465,2026-05-20 09:00:00,23.51,66.39,692.04,505.2,34.225
466,2026-05-20 10:00:00,25.03,63.32,668.68,685.43,34.314
467,2026-05-20 11:00:00,26.33,60.65,656.82,806.49,34.403
468,2026-05-20 12:00:00,27.21,58.55,650.77,850.55,34.483
469,2026-05-20 13:00:00,27.86,57.27,656.02,808.07,34.556
470,2026-05-20 14:00:00,27.98,56.73,668.17,686.45,34.626
471,2026-05-20 15:00:00,27.82,57.11,694.49,507.58,34.695
472,2026-05-20 16:00:00,27.24,58.68,726.1,301.08,34.764
473,2026-05-20 17:00:00,26.33,60.58,761.0,110.02,34.825
474,2026-05-20 18:00:00,24.98,63.37,799.56,0.0,34.873
475,2026-05-20 19:00:00,23.42,66.57,851.01,1.12,34.922
476,2026-05-20 20:00:00,21.99,70.11,849.78,0.77,34.97
477,2026-05-20 21:00:00,20.48,73.4,848.19,0.0,35.019
478,2026-05-20 22:00:00,19.04,76.45,850.72,2.49,35.068
479,2026-05-20 23:00:00,17.82,79.3,850.98,1.98,35.116
480,2026-05-21 00:00:00,16.8,81.61,850.26,0.6,35.154
481,2026-05-21 01:00:00,16.12,82.71,849.21,0.0,35.186
482,2026-05-21 02:00:00,15.95,83.31,848.93,0.0,35.216
483,2026-05-21 03:00:00,16.23,82.7,849.38,1.5,35.249
484,2026-05-21 04:00:00,16.78,81.64,848.96,0.0,35.287
485,2026-05-21 05:00:00,17.76,79.35,851.51,0.0,35.334
486,2026-05-21 06:00:00,19.01,76.44,800.38,1.22,35.382
487,2026-05-21 07:00:00,20.46,73.3,761.48,113.74,35.445
488,2026-05-21 08:00:00,22.07,69.91,723.71,300.56,35.523
489,2026-05-21 09:00:00,23.62,66.62,693.15,504.34,35.607
490,2026-05-21 10:00:00,25.05,63.38,668.88,684.06,35.696
491,2026-05-21 11:00:00,26.28,60.73,654.63,807.54,35.784
492,2026-05-21 12:00:00,27.17,58.39,650.9,849.64,35.863
493,2026-05-21 13:00:00,27.76,57.53,656.33,807.34,35.937
494,2026-05-21 14:00:00,27.9,56.92,670.08,684.34,36.008
495,2026-05-21 15:00:00,27.66,57.52,692.6,507.19,36.077
496,2026-05-21 16:00:00,27.21,58.41,725.6,299.48,36.145
497,2026-05-21 17:00:00,26.18,60.64,760.81,110.73,36.207
498,2026-05-21 18:00:00,25.0,63.47,801.01,0.0,36.254
499,2026-05-21 19:00:00,23.53,66.38,851.24,1.52,36.303
500,2026-05-21 20:00:00,21.97,70.23,849.41,0.0,36.351
501,2026-05-21 21:00:00,20.4,73.41,850.27,0.0,36.399
502,2026-05-21 22:00:00,19.04,76.67,851.57,0.0,36.447
503,2026-05-21 23:00:00,17.83,79.33,850.83,0.79,36.495
504,2026-05-22 00:00:00,16.65,81.51,848.71,0.89,36.532
505,2026-05-22 01:00:00,16.24,82.74,850.78,0.74,36.564
506,2026-05-22 02:00:00,16.1,83.02,850.88,0.0,36.595
507,2026-05-22 03:00:00,16.21,82.72,849.98,0.64,36.628
508,2026-05-22 04:00:00,16.8,81.24,852.15,0.27,36.666
509,2026-05-22 05:00:00,17.75,79.5,849.77,0.0,36.713
510,2026-05-22 06:00:00,19.14,76.57,801.77,2.91,36.76
511,2026-05-22 07:00:00,20.36,73.2,761.19,113.41,36.823
512,2026-05-22 08:00:00,21.95,69.93,723.65,302.21,36.9
513,2026-05-22 09:00:00,23.5,66.45,694.92,506.38,36.984
514,2026-05-22 10:00:00,25.01,63.25,669.82,684.3,37.072
515,2026-05-22 11:00:00,26.23,60.84,655.63,805.41,37.16
516,2026-05-22 12:00:00,27.09,58.62,650.59,849.19,37.24
517,2026-05-22 13:00:00,27.72,57.01,655.91,807.63,37.312
518,2026-05-22 14:00:00,28.04,56.89,669.64,685.2,37.381
519,2026-05-22 15:00:00,27.76,57.18,691.79,505.32,37.449
520,2026-05-22 16:00:00,27.23,58.69,723.96,302.56,37.516
521,2026-05-22 17:00:00,26.34,60.55,760.54,112.91,37.577
522,2026-05-22 18:00:00,25.0,63.33,799.44,0.0,37.624
523,2026-05-22 19:00:00,23.65,66.52,849.9,1.26,37.672
524,2026-05-22 20:00:00,22.11,69.96,849.42,0.42,37.72
525,2026-05-22 21:00:00,20.5,73.28,852.55,0.0,37.768
526,2026-05-22 22:00:00,19.07,76.49,850.93,2.5,37.816
527,2026-05-22 23:00:00,17.73,79.08,850.59,0.11,37.862
528,2026-05-23 00:00:00,16.68,81.69,849.56,0.0,37.899
529,2026-05-23 01:00:00,16.34,82.79,850.53,0.65,37.932
530,2026-05-23 02:00:00,16.16,83.23,848.92,0.0,37.962
531,2026-05-23 03:00:00,16.17,82.99,849.35,0.0,37.994
532,2026-05-23 04:00:00,16.92,81.52,849.48,0.44,38.032
533,2026-05-23 05:00:00,17.76,79.41,850.11,0.35,38.078
534,2026-05-23 06:00:00,18.91,76.72,800.55,0.79,38.125
535,2026-05-23 07:00:00,20.5,73.41,760.9,107.99,38.187
536,2026-05-23 08:00:00,22.01,69.56,725.38,301.43,38.263
537,2026-05-23 09:00:00,23.6,66.56,694.8,507.13,38.346
538,2026-05-23 10:00:00,24.98,63.38,671.38,685.29,38.433
539,2026-05-23 11:00:00,26.42,60.63,655.47,805.85,38.519
540,2026-05-23 12:00:00,27.22,58.5,648.38,847.61,38.597
541,2026-05-23 13:00:00,27.82,57.13,655.0,806.84,38.668
542,2026-05-23 14:00:00,27.97,57.05,669.87,684.31,38.737
543,2026-05-23 15:00:00,27.72,57.38,693.52,506.95,38.806
544,2026-05-23 16:00:00,27.24,58.5,725.44,301.2,38.872
545,2026-05-23 17:00:00,26.18,60.7,761.54,112.03,38.933
546,2026-05-23 18:00:00,25.05,63.38,801.59,3.2,38.98
547,2026-05-23 19:00:00,23.52,66.3,850.4,0.59,39.028
548,2026-05-23 20:00:00,22.01,69.81,850.39,1.09,39.075
549,2026-05-23 21:00:00,20.39,73.7,849.19,1.01,39.123
550,2026-05-23 22:00:00,18.99,76.39,850.03,0.0,39.17
551,2026-05-23 23:00:00,17.96,79.5,851.95,1.93,39.218
552,2026-05-24 00:00:00,16.81,81.35,851.86,0.0,39.255
553,2026-05-24 01:00:00,16.21,82.67,850.76,2.56,39.288
554,2026-05-24 02:00:00,15.99,83.05,851.1,0.0,39.318
555,2026-05-24 03:00:00,16.23,82.67,850.56,0.62,39.35
556,2026-05-24 04:00:00,16.73,81.72,851.45,0.0,39.386
557,2026-05-24 05:00:00,17.68,79.28,848.74,0.0,39.431
558,2026-05-24 06:00:00,19.08,76.61,800.8,2.75,39.478
559,2026-05-24 07:00:00,20.44,73.34,761.19,113.27,39.54
560,2026-05-24 08:00:00,22.02,69.73,724.37,298.74,39.616
561,2026-05-24 09:00:00,23.48,66.36,694.48,506.49,39.698
562,2026-05-24 10:00:00,24.99,63.25,670.25,685.1,39.785
563,2026-05-24 11:00:00,26.17,60.54,655.02,806.62,39.871
564,2026-05-24 12:00:00,27.15,58.57,650.11,850.82,39.949
565,2026-05-24 13:00:00,27.88,57.2,655.55,807.83,40.02
566,2026-05-24 14:00:00,27.87,56.8,669.8,685.39,40.089
567,2026-05-24 15:00:00,27.95,57.21,694.73,506.68,40.154
568,2026-05-24 16:00:00,27.24,58.66,723.89,300.39,40.22
569,2026-05-24 17:00:00,26.25,60.65,760.49,112.76,40.281
570,2026-05-24 18:00:00,25.0,63.2,799.41,0.0,40.327
571,2026-05-24 19:00:00,23.44,66.69,850.47,2.05,40.374
572,2026-05-24 20:00:00,21.91,70.08,850.52,0.72,40.421
573,2026-05-24 21:00:00,20.5,73.5,850.07,0.0,40.468
574,2026-05-24 22:00:00,19.08,76.23,849.01,0.13,40.515
575,2026-05-24 23:00:00,17.68,79.37,849.06,1.75,40.561
576,2026-05-25 00:00:00,16.76,81.31,849.61,0.48,40.598
577,2026-05-25 01:00:00,16.16,82.57,849.6,0.0,40.629
578,2026-05-25 02:00:00,15.98,83.16,849.28,0.76,40.659
579,2026-05-25 03:00:00,16.28,82.47,851.81,0.08,40.691
580,2026-05-25 04:00:00,16.82,81.22,847.91,2.27,40.729
581,2026-05-25 05:00:00,17.77,79.51,850.64,0.0,40.775
582,2026-05-25 06:00:00,18.99,76.61,800.0,0.0,40.821
583,2026-05-25 07:00:00,20.5,73.28,760.16,111.31,40.882
584,2026-05-25 08:00:00,22.02,69.9,724.75,301.61,40.957
585,2026-05-25 09:00:00,23.6,66.51,691.16,503.85,41.038
586,2026-05-25 10:00:00,24.99,63.47,669.14,685.61,41.124
587,2026-05-25 11:00:00,26.21,60.73,653.81,806.62,41.209
588,2026-05-25 12:00:00,27.18,58.63,649.26,850.22,41.287
589,2026-05-25 13:00:00,27.71,57.18,652.69,806.06,41.358
590,2026-05-25 14:00:00,27.92,56.87,669.35,685.45,41.426
591,2026-05-25 15:00:00,27.82,57.19,694.14,508.09,41.492
592,2026-05-25 16:00:00,27.16,58.39,724.39,300.85,41.557
593,2026-05-25 17:00:00,26.28,60.64,761.09,111.74,41.617
594,2026-05-25 18:00:00,24.81,63.48,800.14,0.54,41.663
595,2026-05-25 19:00:00,23.63,66.69,851.08,0.02,41.709
596,2026-05-25 20:00:00,21.96,70.09,848.46,1.51,41.756
597,2026-05-25 21:00:00,20.42,73.47,849.32,0.03,41.803
598,2026-05-25 22:00:00,19.06,76.45,848.68,0.0,41.849
599,2026-05-25 23:00:00,17.68,79.54,849.75,0.0,41.894
600,2026-05-26 00:00:00,16.8,81.29,849.05,2.63,41.931
601,2026-05-26 01:00:00,16.34,82.68,850.0,0.75,41.964
602,2026-05-26 02:00:00,15.97,83.04,850.03,0.56,41.993
603,2026-05-26 03:00:00,16.3,82.98,850.28,0.82,42.024
604,2026-05-26 04:00:00,16.81,81.66,849.0,1.5,42.061
605,2026-05-26 05:00:00,17.67,79.39,850.96,0.0,42.106
606,2026-05-26 06:00:00,18.98,76.72,799.99,0.0,42.151
607,2026-05-26 07:00:00,20.38,73.31,761.63,110.53,42.212
608,2026-05-26 08:00:00,22.04,69.87,725.27,299.74,42.286
609,2026-05-26 09:00:00,23.5,66.59,693.37,505.96,42.367
610,2026-05-26 10:00:00,24.95,63.11,668.1,683.21,42.452
611,2026-05-26 11:00:00,26.3,60.68,654.02,806.37,42.536
612,2026-05-26 12:00:00,27.27,58.37,650.47,850.92,42.612
613,2026-05-26 13:00:00,27.69,57.21,653.46,807.93,42.682
614,2026-05-26 14:00:00,27.96,56.6,670.14,684.85,42.749
615,2026-05-26 15:00:00,27.82,57.03,695.77,505.84,42.814
616,2026-05-26 16:00:00,27.13,58.79,725.08,299.49,42.88
617,2026-05-26 17:00:00,26.21,60.73,761.67,112.59,42.94
618,2026-05-26 18:00:00,25.02,63.52,799.89,0.0,42.985
619,2026-05-26 19:00:00,23.55,66.75,850.24,0.0,43.031
620,2026-05-26 20:00:00,21.92,69.85,850.07,1.98,43.078
621,2026-05-26 21:00:00,20.33,73.16,848.39,0.0,43.124
622,2026-05-26 22:00:00,18.95,76.71,848.14,0.42,43.17
623,2026-05-26 23:00:00,17.71,79.49,850.02,0.0,43.215
624,2026-05-27 00:00:00,16.7,81.6,849.48,0.0,43.25
625,2026-05-27 01:00:00,16.14,82.76,850.18,0.0,43.281
626,2026-05-27 02:00:00,15.98,83.13,851.1,0.0,43.31
627,2026-05-27 03:00:00,16.14,82.58,849.68,0.95,43.341
628,2026-05-27 04:00:00,16.8,81.42,851.01,0.92,43.377
629,2026-05-27 05:00:00,17.77,79.62,848.45,1.52,43.422
630,2026-05-27 06:00:00,19.05,76.41,801.17,1.45,43.468
631,2026-05-27 07:00:00,20.43,73.29,760.6,113.57,43.528
632,2026-05-27 08:00:00,22.04,69.84,726.44,301.69,43.602
633,2026-05-27 09:00:00,23.46,66.62,693.94,505.54,43.683
634,2026-05-27 10:00:00,25.05,63.47,671.01,684.84,43.767
635,2026-05-27 11:00:00,26.22,60.65,652.26,806.62,43.851
636,2026-05-27 12:00:00,27.29,58.47,648.66,850.59,43.926
637,2026-05-27 13:00:00,27.98,57.18,655.56,806.33,43.994
638,2026-05-27 14:00:00,27.91,56.73,669.66,684.6,44.06
639,2026-05-27 15:00:00,27.71,57.05,692.47,505.3,44.126
640,2026-05-27 16:00:00,27.2,58.71,725.86,299.43,44.19
641,2026-05-27 17:00:00,26.2,60.55,759.8,111.2,44.249
642,2026-05-27 18:00:00,24.89,63.13,800.71,0.0,44.294
643,2026-05-27 19:00:00,23.49,66.65,850.54,1.65,44.34
644,2026-05-27 20:00:00,21.97,70.02,849.57,0.0,44.386
645,2026-05-27 21:00:00,20.52,73.47,848.94,0.0,44.432
646,2026-05-27 22:00:00,19.04,76.57,849.89,2.8,44.478
647,2026-05-27 23:00:00,17.69,79.24,851.41,0.11,44.523
648,2026-05-28 00:00:00,16.79,81.24,850.29,0.64,44.559
649,2026-05-28 01:00:00,16.29,82.94,850.33,0.0,44.59
650,2026-05-28 02:00:00,15.91,83.42,849.43,1.45,44.618
651,2026-05-28 03:00:00,16.26,82.71,851.39,0.0,44.649
652,2026-05-28 04:00:00,16.9,81.4,849.71,0.0,44.686
653,2026-05-28 05:00:00,17.91,79.4,849.99,0.0,44.731
654,2026-05-28 06:00:00,18.95,76.41,797.97,0.0,44.776
655,2026-05-28 07:00:00,20.59,73.59,762.17,111.35,44.835
656,2026-05-28 08:00:00,21.95,69.75,725.87,300.11,44.908
657,2026-05-28 09:00:00,23.54,66.68,692.82,506.64,44.988
658,2026-05-28 10:00:00,24.88,63.17,671.07,685.43,45.072
659,2026-05-28 11:00:00,26.26,60.37,655.87,808.6,45.155
660,2026-05-28 12:00:00,27.17,58.5,651.73,848.98,45.23
661,2026-05-28 13:00:00,27.64,57.33,654.31,807.83,45.3
662,2026-05-28 14:00:00,27.95,56.76,669.65,684.12,45.366
663,2026-05-28 15:00:00,27.8,57.46,692.89,505.88,45.431
664,2026-05-28 16:00:00,27.15,58.55,725.82,300.53,45.495
665,2026-05-28 17:00:00,26.36,60.44,759.38,111.52,45.553
666,2026-05-28 18:00:00,25.02,63.55,799.29,0.0,45.597
667,2026-05-28 19:00:00,23.48,66.72,850.9,0.29,45.643
668,2026-05-28 20:00:00,21.99,69.99,848.94,0.0,45.688
669,2026-05-28 21:00:00,20.51,73.48,850.3,0.0,45.734
670,2026-05-28 22:00:00,18.91,76.71,850.23,0.0,45.779
671,2026-05-28 23:00:00,17.84,79.57,851.57,0.0,45.824
672,2026-05-29 00:00:00,16.84,81.56,848.54,3.17,45.86
673,2026-05-29 01:00:00,16.16,82.87,850.67,1.46,45.89
674,2026-05-29 02:00:00,15.99,83.06,850.01,0.22,45.919
675,2026-05-29 03:00:00,16.12,82.94,847.88,0.72,45.948
676,2026-05-29 04:00:00,16.89,81.35,848.31,0.0,45.985
677,2026-05-29 05:00:00,17.74,79.27,848.76,3.63,46.029
678,2026-05-29 06:00:00,18.99,76.51,799.42,0.65,46.074
679,2026-05-29 07:00:00,20.45,73.21,760.66,112.38,46.133
680,2026-05-29 08:00:00,21.96,70.12,725.31,301.7,46.206
681,2026-05-29 09:00:00,23.61,66.65,695.49,503.64,46.285
682,2026-05-29 10:00:00,24.88,63.27,669.71,684.73,46.368
683,2026-05-29 11:00:00,26.1,60.86,655.08,807.12,46.451
684,2026-05-29 12:00:00,27.11,58.52,649.54,850.28,46.526
685,2026-05-29 13:00:00,27.87,57.25,654.28,807.28,46.594
686,2026-05-29 14:00:00,28.01,56.66,670.04,682.79,46.659
687,2026-05-29 15:00:00,27.79,56.8,693.45,506.33,46.722
688,2026-05-29 16:00:00,27.15,58.59,725.17,300.16,46.786
689,2026-05-29 17:00:00,26.15,60.47,760.3,112.36,46.844
690,2026-05-29 18:00:00,25.07,63.24,799.28,0.0,46.888
691,2026-05-29 19:00:00,23.66,66.48,850.97,0.0,46.933
692,2026-05-29 20:00:00,21.97,69.91,849.77,0.0,46.979
693,2026-05-29 21:00:00,20.43,73.27,849.89,0.0,47.024
694,2026-05-29 22:00:00,18.95,76.55,849.46,0.0,47.069
695,2026-05-29 23:00:00,17.76,79.09,851.98,1.6,47.113
696,2026-05-30 00:00:00,16.94,81.42,848.01,2.21,47.149
697,2026-05-30 01:00:00,16.22,83.02,851.22,0.42,47.179
698,2026-05-30 02:00:00,15.92,83.06,849.75,0.05,47.207
699,2026-05-30 03:00:00,16.19,82.79,851.44,2.29,47.238
700,2026-05-30 04:00:00,16.68,81.5,850.98,0.18,47.272
701,2026-05-30 05:00:00,17.8,79.23,850.09,0.0,47.316
702,2026-05-30 06:00:00,18.95,76.53,800.43,0.0,47.36
703,2026-05-30 07:00:00,20.44,73.38,760.72,110.54,47.419
704,2026-05-30 08:00:00,21.9,70.03,724.59,298.97,47.49
705,2026-05-30 09:00:00,23.51,66.64,694.44,503.35,47.569
706,2026-05-30 10:00:00,25.04,63.12,669.49,686.12,47.651
707,2026-05-30 11:00:00,26.16,60.8,655.23,809.28,47.734
708,2026-05-30 12:00:00,27.32,58.63,649.76,851.61,47.807
709,2026-05-30 13:00:00,27.82,57.37,655.63,807.28,47.874
710,2026-05-30 14:00:00,27.92,56.94,669.49,686.84,47.94
711,2026-05-30 15:00:00,27.76,57.27,695.47,505.94,48.004
712,2026-05-30 16:00:00,27.13,58.72,724.94,301.44,48.067
713,2026-05-30 17:00:00,26.21,60.71,762.74,111.92,48.124
714,2026-05-30 18:00:00,25.17,63.6,800.62,0.13,48.168
715,2026-05-30 19:00:00,23.51,66.69,850.04,0.44,48.213
716,2026-05-30 20:00:00,22.09,69.94,850.58,0.0,48.258
717,2026-05-30 21:00:00,20.54,73.23,849.91,0.41,48.303
718,2026-05-30 22:00:00,19.03,76.67,850.53,2.59,48.348
719,2026-05-30 23:00:00,17.86,79.44,848.13,0.0,48.392
720,2026-05-31 00:00:00,16.93,81.12,849.48,0.0,48.428
721,2026-05-31 01:00:00,16.36,82.67,850.09,0.0,48.459
722,2026-05-31 02:00:00,15.88,83.21,849.2,0.0,48.486
723,2026-05-31 03:00:00,16.19,82.64,849.59,0.0,48.516
724,2026-05-31 04:00:00,16.78,81.45,849.57,1.04,48.552
725,2026-05-31 05:00:00,17.74,79.5,850.19,0.0,48.595
726,2026-05-31 06:00:00,19.09,76.63,801.45,1.92,48.639
727,2026-05-31 07:00:00,20.41,73.51,760.5,111.21,48.697
728,2026-05-31 08:00:00,21.94,70.27,726.52,302.38,48.768
729,2026-05-31 09:00:00,23.46,66.68,693.59,504.63,48.846
730,2026-05-31 10:00:00,24.99,63.44,670.23,683.76,48.927
731,2026-05-31 11:00:00,26.22,60.78,656.64,807.62,49.009
732,2026-05-31 12:00:00,27.16,58.85,650.91,849.73,49.083
733,2026-05-31 13:00:00,27.7,56.96,656.79,808.16,49.15
734,2026-05-31 14:00:00,27.98,56.86,669.03,686.48,49.214
735,2026-05-31 15:00:00,27.73,57.11,695.22,504.41,49.278
736,2026-05-31 16:00:00,27.19,58.74,725.23,302.04,49.34
737,2026-05-31 17:00:00,26.16,60.66,762.01,112.35,49.398
738,2026-05-31 18:00:00,25.01,63.35,799.76,0.0,49.441
739,2026-05-31 19:00:00,23.6,66.42,849.96,0.53,49.485
740,2026-05-31 20:00:00,21.98,70.11,849.36,1.15,49.53
741,2026-05-31 21:00:00,20.55,73.33,849.37,0.0,49.574
742,2026-05-31 22:00:00,19.02,76.92,849.69,0.0,49.619
743,2026-05-31 23:00:00,17.62,79.23,850.9,1.38,49.661
744,2026-06-01 00:00:00,16.87,81.62,849.77,0.0,49.696
745,2026-06-01 01:00:00,16.35,82.64,849.92,0.0,49.726
746,2026-06-01 02:00:00,15.97,83.17,849.79,0.37,49.754
747,2026-06-01 03:00:00,16.19,82.91,849.73,0.0,49.784
748,2026-06-01 04:00:00,16.82,81.2,849.32,0.88,49.819
749,2026-06-01 05:00:00,17.78,79.35,850.42,0.0,49.862
750,2026-06-01 06:00:00,19.02,76.51,800.41,2.06,49.906
751,2026-06-01 07:00:00,20.35,73.65,760.56,112.58,49.964
752,2026-06-01 08:00:00,21.93,69.95,723.86,302.11,50.034
753,2026-06-01 09:00:00,23.71,66.5,693.6,506.94,50.112
754,2026-06-01 10:00:00,24.94,63.21,670.81,685.07,50.192
755,2026-06-01 11:00:00,26.34,60.67,653.39,809.39,50.272
756,2026-06-01 12:00:00,27.17,58.66,650.06,848.42,50.345
757,2026-06-01 13:00:00,27.66,57.43,655.7,809.26,50.413
758,2026-06-01 14:00:00,28.01,56.83,669.7,683.04,50.476
759,2026-06-01 15:00:00,27.85,57.22,693.97,505.6,50.538
760,2026-06-01 16:00:00,27.29,58.55,724.33,300.53,50.599
761,2026-06-01 17:00:00,26.39,60.71,761.31,111.55,50.655
762,2026-06-01 18:00:00,24.98,63.24,799.46,0.2,50.698
763,2026-06-01 19:00:00,23.46,66.55,848.81,0.0,50.742
764,2026-06-01 20:00:00,21.97,70.0,849.89,1.72,50.786
765,2026-06-01 21:00:00,20.54,73.38,849.81,0.0,50.83
766,2026-06-01 22:00:00,19.12,76.78,849.01,0.0,50.874
767,2026-06-01 23:00:00,17.86,79.28,849.55,1.25,50.918
768,2026-06-02 00:00:00,16.76,81.76,850.36,0.0,50.951
769,2026-06-02 01:00:00,16.0,82.87,848.65,0.46,50.98
770,2026-06-02 02:00:00,16.03,83.28,848.47,0.0,51.007
771,2026-06-02 03:00:00,16.24,82.84,851.51,0.0,51.037
772,2026-06-02 04:00:00,16.7,81.19,850.12,1.36,51.071
773,2026-06-02 05:00:00,17.72,79.24,850.84,0.07,51.114
774,2026-06-02 06:00:00,18.98,76.53,800.1,0.0,51.157
775,2026-06-02 07:00:00,20.49,73.3,761.42,110.93,51.214
776,2026-06-02 08:00:00,21.91,70.12,724.87,299.69,51.284
777,2026-06-02 09:00:00,23.47,66.52,695.13,505.71,51.361
778,2026-06-02 10:00:00,25.08,63.49,671.32,685.26,51.441
779,2026-06-02 11:00:00,26.3,60.41,655.44,804.43,51.52
780,2026-06-02 12:00:00,27.26,58.97,649.75,851.84,51.592
781,2026-06-02 13:00:00,27.86,57.22,654.64,807.61,51.658
782,2026-06-02 14:00:00,28.01,56.83,669.97,684.61,51.721
783,2026-06-02 15:00:00,27.73,57.02,693.84,505.82,51.783
784,2026-06-02 16:00:00,27.09,58.46,723.4,301.5,51.844
785,2026-06-02 17:00:00,26.32,60.58,761.07,112.32,51.9
786,2026-06-02 18:00:00,24.98,63.48,801.79,1.26,51.943
787,2026-06-02 19:00:00,23.61,66.86,848.73,0.43,51.987
788,2026-06-02 20:00:00,21.88,70.26,850.73,0.0,52.03
789,2026-06-02 21:00:00,20.41,73.33,849.72,0.0,52.074
790,2026-06-02 22:00:00,18.96,76.52,849.14,0.0,52.117
791,2026-06-02 23:00:00,17.74,79.37,850.81,0.0,52.159
792,2026-06-03 00:00:00,16.66,81.4,849.21,0.0,52.193
793,2026-06-03 01:00:00,16.09,82.63,849.13,0.38,52.222
794,2026-06-03 02:00:00,15.94,83.07,849.65,0.31,52.249
795,2026-06-03 03:00:00,16.14,82.51,848.99,0.0,52.279
796,2026-06-03 04:00:00,16.82,81.64,848.72,0.0,52.313
797,2026-06-03 05:00:00,17.82,79.2,850.3,0.82,52.355
798,2026-06-03 06:00:00,18.98,76.69,801.61,0.83,52.398
799,2026-06-03 07:00:00,20.49,73.62,762.45,113.81,52.455
800,2026-06-03 08:00:00,21.96,69.96,724.34,300.08,52.524
801,2026-06-03 09:00:00,23.45,66.42,693.72,503.32,52.6
802,2026-06-03 10:00:00,24.95,63.22,670.96,686.34,52.68
803,2026-06-03 11:00:00,26.28,60.77,656.47,807.9,52.759
804,2026-06-03 12:00:00,27.23,58.34,648.28,849.95,52.83
805,2026-06-03 13:00:00,27.87,57.27,655.3,805.39,52.895
806,2026-06-03 14:00:00,27.95,57.01,669.73,684.66,52.958
807,2026-06-03 15:00:00,27.73,57.49,693.0,506.34,53.02
808,2026-06-03 16:00:00,27.09,58.27,725.13,299.93,53.081
809,2026-06-03 17:00:00,26.32,60.76,762.39,111.81,53.136
810,2026-06-03 18:00:00,24.99,63.38,802.25,0.0,53.178
811,2026-06-03 19:00:00,23.65,66.32,847.87,0.0,53.221
812,2026-06-03 20:00:00,21.93,69.67,851.87,1.51,53.265
813,2026-06-03 21:00:00,20.53,73.45,850.84,0.0,53.308
814,2026-06-03 22:00:00,19.02,76.65,851.42,0.88,53.351
815,2026-06-03 23:00:00,17.7,79.21,851.68,0.0,53.393
816,2026-06-04 00:00:00,16.73,81.47,848.39,0.0,53.427
817,2026-06-04 01:00:00,16.26,82.84,850.46,2.96,53.456
818,2026-06-04 02:00:00,16.06,83.37,848.89,0.0,53.483
819,2026-06-04 03:00:00,16.13,82.79,850.44,0.0,53.512
820,2026-06-04 04:00:00,16.8,81.53,850.34,0.84,53.546
821,2026-06-04 05:00:00,17.75,79.23,849.0,0.0,53.588
822,2026-06-04 06:00:00,19.05,76.67,799.73,0.15,53.63
823,2026-06-04 07:00:00,20.33,73.43,761.49,110.7,53.686
824,2026-06-04 08:00:00,22.03,69.85,725.58,300.63,53.755
825,2026-06-04 09:00:00,23.62,66.71,695.42,504.91,53.83
826,2026-06-04 10:00:00,25.06,63.36,670.17,684.92,53.909
827,2026-06-04 11:00:00,26.18,60.7,656.33,806.59,53.988
828,2026-06-04 12:00:00,27.28,58.18,651.64,848.56,54.058
829,2026-06-04 13:00:00,27.83,57.47,653.66,807.41,54.123
830,2026-06-04 14:00:00,28.1,56.82,670.0,685.09,54.184
831,2026-06-04 15:00:00,27.82,57.34,694.5,504.65,54.245
832,2026-06-04 16:00:00,27.17,58.71,726.47,300.43,54.305
833,2026-06-04 17:00:00,26.22,60.74,762.19,112.17,54.36
834,2026-06-04 18:00:00,25.01,63.54,800.52,1.39,54.403
835,2026-06-04 19:00:00,23.56,66.56,849.75,0.0,54.446
836,2026-06-04 20:00:00,22.04,69.93,851.54,0.0,54.488
837,2026-06-04 21:00:00,20.45,73.3,849.97,0.0,54.531
838,2026-06-04 22:00:00,18.92,76.58,850.6,2.01,54.575
839,2026-06-04 23:00:00,17.87,79.15,849.69,2.54,54.617
840,2026-06-05 00:00:00,16.76,81.39,849.47,0.7,54.651
841,2026-06-05 01:00:00,16.28,82.77,849.33,1.09,54.68
842,2026-06-05 02:00:00,16.01,83.01,849.11,1.59,54.707
843,2026-06-05 03:00:00,16.31,82.75,850.81,1.21,54.737
844,2026-06-05 04:00:00,16.78,81.39,850.48,0.92,54.771
845,2026-06-05 05:00:00,17.69,79.3,850.75,1.92,54.812
846,2026-06-05 06:00:00,18.98,76.49,799.5,0.0,54.854
847,2026-06-05 07:00:00,20.44,73.22,761.97,109.28,54.91
848,2026-06-05 08:00:00,21.88,69.91,725.59,299.55,54.978
849,2026-06-05 09:00:00,23.58,66.59,692.23,506.96,55.052
850,2026-06-05 10:00:00,24.99,63.41,668.68,684.9,55.13
851,2026-06-05 11:00:00,26.31,60.63,654.24,806.86,55.208
852,2026-06-05 12:00:00,27.19,58.7,651.12,851.47,55.278
853,2026-06-05 13:00:00,27.8,57.52,653.12,807.74,55.343
854,2026-06-05 14:00:00,27.98,56.54,669.14,685.34,55.404
855,2026-06-05 15:00:00,27.81,57.19,694.19,504.73,55.464
856,2026-06-05 16:00:00,27.25,58.62,723.91,300.75,55.524
857,2026-06-05 17:00:00,26.31,60.56,759.77,111.35,55.578
858,2026-06-05 18:00:00,25.05,63.33,800.69,0.0,55.62
859,2026-06-05 19:00:00,23.48,66.65,850.28,0.0,55.662
860,2026-06-05 20:00:00,21.95,70.13,849.76,1.99,55.705
861,2026-06-05 21:00:00,20.45,73.42,849.5,1.4,55.748
862,2026-06-05 22:00:00,18.9,76.72,849.64,0.0,55.79
863,2026-06-05 23:00:00,17.77,79.2,851.33,0.0,55.831
864,2026-06-06 00:00:00,16.72,81.25,851.57,0.27,55.865
865,2026-06-06 01:00:00,16.17,82.85,849.94,0.0,55.893
866,2026-06-06 02:00:00,16.07,83.31,848.39,0.07,55.92
867,2026-06-06 03:00:00,16.27,82.8,850.16,0.0,55.949
868,2026-06-06 04:00:00,16.89,81.33,850.02,1.08,55.983
869,2026-06-06 05:00:00,17.84,79.22,850.44,0.0,56.024
870,2026-06-06 06:00:00,18.99,76.61,801.11,0.0,56.066
871,2026-06-06 07:00:00,20.57,73.47,758.86,111.89,56.121
872,2026-06-06 08:00:00,21.87,70.05,725.02,300.56,56.189
873,2026-06-06 09:00:00,23.72,66.53,694.38,509.37,56.263
874,2026-06-06 10:00:00,25.09,63.45,670.63,684.85,56.34
875,2026-06-06 11:00:00,26.31,60.49,655.31,806.07,56.417
876,2026-06-06 12:00:00,27.23,58.77,648.72,850.1,56.487
877,2026-06-06 13:00:00,27.83,57.16,655.34,807.94,56.55
878,2026-06-06 14:00:00,28.02,56.73,671.14,687.12,56.611
879,2026-06-06 15:00:00,27.81,57.42,694.31,503.89,56.671
880,2026-06-06 16:00:00,27.26,58.75,726.32,300.44,56.73
881,2026-06-06 17:00:00,26.45,60.77,761.24,110.45,56.783
882,2026-06-06 18:00:00,24.94,63.31,798.77,2.22,56.825
883,2026-06-06 19:00:00,23.61,66.27,850.07,0.4,56.867
884,2026-06-06 20:00:00,22.01,70.42,849.35,2.13,56.91
885,2026-06-06 21:00:00,20.44,73.76,847.02,0.31,56.952
886,2026-06-06 22:00:00,19.16,76.69,848.85,0.0,56.994
887,2026-06-06 23:00:00,17.7,79.15,848.64,2.16,57.035
888,2026-06-07 00:00:00,16.8,81.29,848.86,0.0,57.068
889,2026-06-07 01:00:00,16.25,82.79,849.2,2.13,57.097
890,2026-06-07 02:00:00,15.93,83.1,850.21,0.0,57.123
891,2026-06-07 03:00:00,16.24,82.54,849.15,1.99,57.152
892,2026-06-07 04:00:00,16.82,81.49,849.47,1.04,57.185
893,2026-06-07 05:00:00,17.75,79.18,851.53,0.39,57.226
894,2026-06-07 06:00:00,19.08,76.57,799.13,0.58,57.267
895,2026-06-07 07:00:00,20.48,73.49,761.87,111.04,57.322
896,2026-06-07 08:00:00,22.15,70.1,725.89,298.18,57.389
897,2026-06-07 09:00:00,23.43,66.43,692.27,505.04,57.463
898,2026-06-07 10:00:00,25.03,63.44,670.82,688.22,57.54
899,2026-06-07 11:00:00,26.15,60.54,656.2,806.19,57.617
900,2026-06-07 12:00:00,27.09,58.44,650.24,850.1,57.686
901,2026-06-07 13:00:00,27.8,57.3,655.54,805.4,57.75
902,2026-06-07 14:00:00,27.95,56.91,670.49,683.41,57.81
903,2026-06-07 15:00:00,27.79,57.28,692.62,501.76,57.87
904,2026-06-07 16:00:00,27.12,58.72,723.62,300.78,57.929
905,2026-06-07 17:00:00,26.15,60.59,763.26,112.61,57.983
906,2026-06-07 18:00:00,25.14,63.01,800.01,1.04,58.024
907,2026-06-07 19:00:00,23.58,66.6,849.13,1.75,58.066
908,2026-06-07 20:00:00,21.96,70.25,850.11,1.52,58.109
909,2026-06-07 21:00:00,20.37,73.43,850.86,0.0,58.15
910,2026-06-07 22:00:00,18.92,76.51,849.46,2.27,58.193
911,2026-06-07 23:00:00,17.59,79.24,851.59,0.0,58.232
912,2026-06-08 00:00:00,16.91,81.43,849.55,2.25,58.266
913,2026-06-08 01:00:00,16.25,82.74,848.8,0.0,58.294
914,2026-06-08 02:00:00,15.94,83.04,851.08,0.0,58.32
915,2026-06-08 03:00:00,16.11,82.92,849.95,0.0,58.348
916,2026-06-08 04:00:00,16.84,81.29,849.91,0.62,58.381
917,2026-06-08 05:00:00,17.9,79.43,848.83,1.66,58.423
918,2026-06-08 06:00:00,18.95,76.44,800.56,0.5,58.463
919,2026-06-08 07:00:00,20.34,73.54,761.03,114.25,58.518
920,2026-06-08 08:00:00,21.89,69.91,726.17,300.72,58.585
921,2026-06-08 09:00:00,23.53,66.65,691.29,505.74,58.658
922,2026-06-08 10:00:00,24.97,63.13,670.69,684.57,58.734
923,2026-06-08 11:00:00,26.34,60.74,655.17,806.97,58.809
924,2026-06-08 12:00:00,27.27,58.31,651.53,850.85,58.877
925,2026-06-08 13:00:00,27.92,57.2,654.72,805.74,58.939
926,2026-06-08 14:00:00,28.06,56.68,670.84,685.47,58.998
927,2026-06-08 15:00:00,27.77,57.24,694.78,505.21,59.057
928,2026-06-08 16:00:00,27.24,58.25,723.94,299.81,59.115
929,2026-06-08 17:00:00,26.32,60.58,761.78,111.26,59.168
930,2026-06-08 18:00:00,24.92,63.36,799.76,0.87,59.208
931,2026-06-08 19:00:00,23.61,66.72,851.4,0.18,59.25
932,2026-06-08 20:00:00,21.9,69.83,849.69,1.58,59.291
933,2026-06-08 21:00:00,20.38,73.25,850.4,0.0,59.333
934,2026-06-08 22:00:00,19.08,76.53,849.81,0.0,59.374
935,2026-06-08 23:00:00,17.74,79.23,849.04,0.66,59.415
936,2026-06-09 00:00:00,16.78,81.42,848.62,0.0,59.447
937,2026-06-09 01:00:00,16.24,82.85,851.9,0.0,59.475
938,2026-06-09 02:00:00,16.0,83.03,848.47,1.13,59.501
939,2026-06-09 03:00:00,16.1,82.79,850.78,2.21,59.529
940,2026-06-09 04:00:00,16.87,81.59,850.74,1.4,59.562
941,2026-06-09 05:00:00,17.71,79.67,849.45,0.0,59.601
942,2026-06-09 06:00:00,19.1,76.96,800.91,1.12,59.642
943,2026-06-09 07:00:00,20.4,73.38,760.21,110.99,59.696
944,2026-06-09 08:00:00,22.13,69.8,725.93,302.04,59.762
945,2026-06-09 09:00:00,23.54,66.62,690.37,505.69,59.834
946,2026-06-09 10:00:00,24.93,63.06,670.56,683.94,59.91
947,2026-06-09 11:00:00,26.23,60.66,655.78,806.64,59.985
948,2026-06-09 12:00:00,27.17,58.5,649.78,851.16,60.053
949,2026-06-09 13:00:00,27.86,57.18,655.07,806.63,60.115
950,2026-06-09 14:00:00,27.91,57.12,669.34,685.81,60.175
951,2026-06-09 15:00:00,27.8,57.4,691.56,506.33,60.234
952,2026-06-09 16:00:00,27.24,58.17,725.28,301.33,60.291
953,2026-06-09 17:00:00,26.15,60.59,760.95,110.91,60.344
954,2026-06-09 18:00:00,24.97,63.67,800.61,0.33,60.384
955,2026-06-09 19:00:00,23.62,66.46,848.55,0.0,60.425
956,2026-06-09 20:00:00,22.01,70.04,849.54,0.0,60.466
957,2026-06-09 21:00:00,20.48,73.28,849.25,1.01,60.508
958,2026-06-09 22:00:00,19.0,76.84,849.86,0.0,60.549
959,2026-06-09 23:00:00,17.74,79.34,849.66,0.0,60.588
960,2026-06-10 00:00:00,16.78,81.5,850.78,0.0,60.621
961,2026-06-10 01:00:00,16.18,82.83,851.67,0.0,60.648
962,2026-06-10 02:00:00,15.99,83.25,852.53,0.0,60.674
963,2026-06-10 03:00:00,16.36,82.9,850.32,0.0,60.702
964,2026-06-10 04:00:00,16.75,81.4,851.0,0.0,60.734
965,2026-06-10 05:00:00,17.8,79.37,849.53,0.53,60.774
966,2026-06-10 06:00:00,19.04,76.48,800.13,2.46,60.814
967,2026-06-10 07:00:00,20.52,73.71,761.28,111.3,60.868
968,2026-06-10 08:00:00,21.94,69.92,727.61,298.92,60.933
969,2026-06-10 09:00:00,23.46,66.32,693.93,505.39,61.005
970,2026-06-10 10:00:00,24.98,63.45,670.14,683.54,61.08
971,2026-06-10 11:00:00,26.23,60.87,654.37,807.91,61.154
972,2026-06-10 12:00:00,27.17,58.68,650.15,849.52,61.222
973,2026-06-10 13:00:00,27.77,57.29,655.45,808.29,61.284
974,2026-06-10 14:00:00,27.87,56.8,670.05,685.12,61.344
975,2026-06-10 15:00:00,27.72,57.1,694.41,505.68,61.402
976,2026-06-10 16:00:00,27.27,58.2,726.24,300.69,61.459
977,2026-06-10 17:00:00,26.29,60.85,762.13,111.6,61.511
978,2026-06-10 18:00:00,24.98,63.46,800.23,1.41,61.551
979,2026-06-10 19:00:00,23.37,66.62,851.65,1.0,61.592
980,2026-06-10 20:00:00,22.02,70.16,848.87,0.07,61.632
981,2026-06-10 21:00:00,20.49,73.61,849.83,0.0,61.673
982,2026-06-10 22:00:00,18.97,76.61,849.03,0.59,61.714
983,2026-06-10 23:00:00,17.81,79.52,851.58,0.0,61.754
984,2026-06-11 00:00:00,16.87,81.29,849.19,0.83,61.787
985,2026-06-11 01:00:00,16.19,82.97,849.69,1.28,61.814
986,2026-06-11 02:00:00,16.04,83.42,850.25,0.24,61.839
987,2026-06-11 03:00:00,16.13,82.68,849.75,0.0,61.866
988,2026-06-11 04:00:00,16.78,81.31,849.96,0.0,61.898
989,2026-06-11 05:00:00,17.92,79.17,848.63,0.0,61.939
990,2026-06-11 06:00:00,18.99,76.71,800.4,0.47,61.978
991,2026-06-11 07:00:00,20.63,73.65,762.85,112.24,62.032
992,2026-06-11 08:00:00,22.03,70.24,724.54,301.1,62.097
993,2026-06-11 09:00:00,23.41,66.35,693.61,506.62,62.168
994,2026-06-11 10:00:00,24.9,63.51,670.61,683.89,62.242
995,2026-06-11 11:00:00,26.24,60.86,656.95,807.65,62.316
996,2026-06-11 12:00:00,27.26,58.28,649.96,849.24,62.382
997,2026-06-11 13:00:00,27.81,57.38,654.02,808.1,62.443
998,2026-06-11 14:00:00,27.92,56.5,671.01,687.01,62.502
999,2026-06-11 15:00:00,27.9,57.17,694.45,503.65,62.559
1000,2026-06-11 16:00:00,27.21,58.78,727.02,298.88,62.616
1001,2026-06-11 17:00:00,26.23,60.69,761.56,113.04,62.668
1002,2026-06-11 18:00:00,24.94,63.44,799.03,2.64,62.708
1003,2026-06-11 19:00:00,23.42,66.26,848.65,0.0,62.748
1004,2026-06-11 20:00:00,22.01,70.08,850.04,0.51,62.788
1005,2026-06-11 21:00:00,20.47,73.12,848.83,0.2,62.829
1006,2026-06-11 22:00:00,18.94,76.53,849.95,0.95,62.869
1007,2026-06-11 23:00:00,17.84,79.48,849.84,3.58,62.91
1008,2026-06-12 00:00:00,16.83,81.42,849.57,0.98,62.942
1009,2026-06-12 01:00:00,16.27,82.77,849.68,0.0,62.969
1010,2026-06-12 02:00:00,16.07,83.52,849.38,0.0,62.994
1011,2026-06-12 03:00:00,16.14,82.88,849.24,0.27,63.021
1012,2026-06-12 04:00:00,16.9,81.29,849.9,0.0,63.053
1013,2026-06-12 05:00:00,17.8,79.44,848.3,1.03,63.093
1014,2026-06-12 06:00:00,18.96,76.4,800.05,0.1,63.132
1015,2026-06-12 07:00:00,20.52,73.3,762.37,112.55,63.185
1016,2026-06-12 08:00:00,21.96,70.04,725.63,301.57,63.249
1017,2026-06-12 09:00:00,23.56,66.6,695.06,505.98,63.32
1018,2026-06-12 10:00:00,24.93,63.25,670.54,685.56,63.394
1019,2026-06-12 11:00:00,26.22,60.74,655.7,805.65,63.467
1020,2026-06-12 12:00:00,27.33,58.5,650.39,848.16,63.532
1021,2026-06-12 13:00:00,27.69,57.12,653.61,805.83,63.594
1022,2026-06-12 14:00:00,28.0,56.74,670.57,685.73,63.651
1023,2026-06-12 15:00:00,27.76,57.1,694.63,504.12,63.709
1024,2026-06-12 16:00:00,27.21,58.59,725.76,298.73,63.765
1025,2026-06-12 17:00:00,26.32,60.8,761.44,111.94,63.816
1026,2026-06-12 18:00:00,25.06,63.05,801.16,0.0,63.855
1027,2026-06-12 19:00:00,23.58,66.34,849.53,0.31,63.895
1028,2026-06-12 20:00:00,21.87,70.2,850.87,1.68,63.936
1029,2026-06-12 21:00:00,20.5,73.48,849.61,0.27,63.976
1030,2026-06-12 22:00:00,19.0,76.83,848.98,0.0,64.016
1031,2026-06-12 23:00:00,17.76,79.35,849.35,0.68,64.055
1032,2026-06-13 00:00:00,16.84,81.27,848.34,0.79,64.087
1033,2026-06-13 01:00:00,16.13,82.8,849.74,0.26,64.113
1034,2026-06-13 02:00:00,15.92,83.07,850.73,0.0,64.138
1035,2026-06-13 03:00:00,16.28,82.84,850.78,0.0,64.165
1036,2026-06-13 04:00:00,16.75,81.31,849.83,1.44,64.197
1037,2026-06-13 05:00:00,17.83,79.45,848.81,2.14,64.237
1038,2026-06-13 06:00:00,18.9,76.71,800.44,0.0,64.276
1039,2026-06-13 07:00:00,20.37,73.27,760.09,112.23,64.328
1040,2026-06-13 08:00:00,22.07,69.85,725.28,299.81,64.392
1041,2026-06-13 09:00:00,23.75,66.77,694.78,506.37,64.462
1042,2026-06-13 10:00:00,25.06,63.27,670.86,682.94,64.535
1043,2026-06-13 11:00:00,26.15,60.7,655.48,806.67,64.608
1044,2026-06-13 12:00:00,27.27,58.49,651.32,850.5,64.673
1045,2026-06-13 13:00:00,27.82,57.14,653.87,807.89,64.733
1046,2026-06-13 14:00:00,27.97,56.48,670.48,684.5,64.79
1047,2026-06-13 15:00:00,27.79,57.23,691.94,505.46,64.847
1048,2026-06-13 16:00:00,27.27,58.49,726.03,300.54,64.902
1049,2026-06-13 17:00:00,26.26,60.72,760.76,114.71,64.953
1050,2026-06-13 18:00:00,25.04,63.33,800.65,0.42,64.992
1051,2026-06-13 19:00:00,23.56,66.6,850.66,0.0,65.032
1052,2026-06-13 20:00:00,21.95,69.81,848.72,0.0,65.072
1053,2026-06-13 21:00:00,20.43,73.35,848.92,0.0,65.112
1054,2026-06-13 22:00:00,19.12,76.72,847.79,0.0,65.151
1055,2026-06-13 23:00:00,17.84,79.34,850.25,0.26,65.19
1056,2026-06-14 00:00:00,16.73,81.53,851.0,0.0,65.221
1057,2026-06-14 01:00:00,16.22,82.66,850.43,1.85,65.248
1058,2026-06-14 02:00:00,16.09,82.95,849.28,0.0,65.274
1059,2026-06-14 03:00:00,16.26,82.74,850.03,0.0,65.301
1060,2026-06-14 04:00:00,16.91,81.5,848.27,1.62,65.333
1061,2026-06-14 05:00:00,17.68,79.39,849.35,0.0,65.371
1062,2026-06-14 06:00:00,19.12,76.58,799.88,0.0,65.409
1063,2026-06-14 07:00:00,20.47,73.59,762.14,112.49,65.461
1064,2026-06-14 08:00:00,22.09,70.02,725.89,301.62,65.525
1065,2026-06-14 09:00:00,23.58,66.63,694.72,505.34,65.594
1066,2026-06-14 10:00:00,25.14,63.46,670.97,683.42,65.666
1067,2026-06-14 11:00:00,26.3,60.76,655.69,809.33,65.738
1068,2026-06-14 12:00:00,27.23,58.66,650.46,851.19,65.803
1069,2026-06-14 13:00:00,27.73,57.04,655.3,808.48,65.863
1070,2026-06-14 14:00:00,27.92,56.86,670.1,682.84,65.921
1071,2026-06-14 15:00:00,27.82,57.15,692.45,507.8,65.976
1072,2026-06-14 16:00:00,27.18,58.73,724.38,301.94,66.032
1073,2026-06-14 17:00:00,26.24,60.72,761.89,111.49,66.083
1074,2026-06-14 18:00:00,24.93,63.46,799.32,0.0,66.121
1075,2026-06-14 19:00:00,23.6,66.6,849.47,0.0,66.161
1076,2026-06-14 20:00:00,22.0,70.43,848.78,0.0,66.2
1077,2026-06-14 21:00:00,20.42,73.44,850.44,0.0,66.239
1078,2026-06-14 22:00:00,18.98,76.8,849.83,0.45,66.279
1079,2026-06-14 23:00:00,17.61,79.13,850.23,0.0,66.316
1080,2026-06-15 00:00:00,16.79,81.56,850.66,0.07,66.347
1081,2026-06-15 01:00:00,16.07,82.91,850.02,0.0,66.373
1082,2026-06-15 02:00:00,16.03,83.17,848.25,1.51,66.398
1083,2026-06-15 03:00:00,16.14,82.53,851.15,0.07,66.424
1084,2026-06-15 04:00:00,16.84,81.25,850.46,0.87,66.456
1085,2026-06-15 05:00:00,17.92,79.23,848.33,0.0,66.495
1086,2026-06-15 06:00:00,18.96,76.96,799.4,1.52,66.533
1087,2026-06-15 07:00:00,20.49,73.27,761.72,111.55,66.585
1088,2026-06-15 08:00:00,21.93,70.26,724.06,300.56,66.647
1089,2026-06-15 09:00:00,23.63,66.52,694.74,505.59,66.716
1090,2026-06-15 10:00:00,24.94,63.69,671.06,687.09,66.788
1091,2026-06-15 11:00:00,26.31,60.69,654.94,805.08,66.859
1092,2026-06-15 12:00:00,27.17,58.67,649.46,849.42,66.924
1093,2026-06-15 13:00:00,27.84,57.34,653.65,805.76,66.983
1094,2026-06-15 14:00:00,27.93,56.62,670.94,685.77,67.04
1095,2026-06-15 15:00:00,27.88,57.13,693.21,503.65,67.095
1096,2026-06-15 16:00:00,27.36,58.56,723.81,298.51,67.149
1097,2026-06-15 17:00:00,26.19,60.56,761.54,113.57,67.199
1098,2026-06-15 18:00:00,25.01,63.44,799.67,1.59,67.238
1099,2026-06-15 19:00:00,23.57,66.54,852.64,0.0,67.277
1100,2026-06-15 20:00:00,22.05,69.88,850.01,0.0,67.316
1101,2026-06-15 21:00:00,20.53,73.38,850.22,1.61,67.355
1102,2026-06-15 22:00:00,19.1,76.67,849.02,0.0,67.394
1103,2026-06-15 23:00:00,17.74,79.22,850.58,0.0,67.432
1104,2026-06-16 00:00:00,16.85,81.14,849.96,1.62,67.464
1105,2026-06-16 01:00:00,16.2,82.74,851.53,0.0,67.49
1106,2026-06-16 02:00:00,16.01,83.44,849.13,0.36,67.514
1107,2026-06-16 03:00:00,16.25,82.81,850.41,1.96,67.541
1108,2026-06-16 04:00:00,16.69,81.56,851.41,1.6,67.571
1109,2026-06-16 05:00:00,17.75,79.34,849.38,0.64,67.609
1110,2026-06-16 06:00:00,19.0,76.55,799.22,0.0,67.647
1111,2026-06-16 07:00:00,20.62,73.29,759.82,111.88,67.698
1112,2026-06-16 08:00:00,21.91,69.66,724.48,299.35,67.76
1113,2026-06-16 09:00:00,23.54,66.55,694.52,503.59,67.828
1114,2026-06-16 10:00:00,24.97,63.32,669.63,686.81,67.899
1115,2026-06-16 11:00:00,26.36,60.68,655.46,807.68,67.97
1116,2026-06-16 12:00:00,27.25,58.69,648.83,850.63,68.033
1117,2026-06-16 13:00:00,27.86,57.02,654.98,804.59,68.092
1118,2026-06-16 14:00:00,27.85,56.74,670.93,686.5,68.148
1119,2026-06-16 15:00:00,27.81,57.07,694.79,504.61,68.203
1120,2026-06-16 16:00:00,27.19,58.54,726.2,302.32,68.258
1121,2026-06-16 17:00:00,26.28,60.8,761.12,110.55,68.307
1122,2026-06-16 18:00:00,24.99,63.57,799.81,0.0,68.345
1123,2026-06-16 19:00:00,23.53,66.43,850.82,1.9,68.384
1124,2026-06-16 20:00:00,21.94,70.08,848.56,1.19,68.423
1125,2026-06-16 21:00:00,20.44,73.29,849.41,0.0,68.462
1126,2026-06-16 22:00:00,19.02,76.44,849.49,0.0,68.501
1127,2026-06-16 23:00:00,17.82,79.38,850.55,0.0,68.539
1128,2026-06-17 00:00:00,16.94,81.32,849.07,0.85,68.57
1129,2026-06-17 01:00:00,16.11,82.91,850.35,0.45,68.595
1130,2026-06-17 02:00:00,16.08,83.38,850.22,0.38,68.62
1131,2026-06-17 03:00:00,16.16,82.42,849.58,0.0,68.646
1132,2026-06-17 04:00:00,16.79,81.63,849.83,0.66,68.676
1133,2026-06-17 05:00:00,17.73,79.37,849.82,1.34,68.714
1134,2026-06-17 06:00:00,19.01,76.32,799.07,0.0,68.752
1135,2026-06-17 07:00:00,20.37,73.44,760.73,109.62,68.802
1136,2026-06-17 08:00:00,22.05,69.96,724.32,300.59,68.864
1137,2026-06-17 09:00:00,23.54,66.41,693.68,503.87,68.931
1138,2026-06-17 10:00:00,25.15,63.39,670.39,686.39,69.002
1139,2026-06-17 11:00:00,26.35,60.61,656.61,804.17,69.072
1140,2026-06-17 12:00:00,27.28,58.85,650.46,850.66,69.135
1141,2026-06-17 13:00:00,27.84,57.11,654.58,806.77,69.193
1142,2026-06-17 14:00:00,28.09,56.93,670.92,685.79,69.248
1143,2026-06-17 15:00:00,27.81,57.27,693.39,504.68,69.302
1144,2026-06-17 16:00:00,27.23,58.8,724.97,302.19,69.357
1145,2026-06-17 17:00:00,26.27,60.51,760.83,113.11,69.406
1146,2026-06-17 18:00:00,25.0,63.33,800.21,0.0,69.443
1147,2026-06-17 19:00:00,23.53,66.35,849.78,0.0,69.482
1148,2026-06-17 20:00:00,22.04,70.06,849.92,2.67,69.521
1149,2026-06-17 21:00:00,20.49,73.49,848.02,0.0,69.559
1150,2026-06-17 22:00:00,19.06,76.41,849.11,0.0,69.598
1151,2026-06-17 23:00:00,17.81,79.42,850.37,0.6,69.635
1152,2026-06-18 00:00:00,16.72,81.42,852.25,0.0,69.665
1153,2026-06-18 01:00:00,16.07,82.58,849.21,0.0,69.691
1154,2026-06-18 02:00:00,16.02,83.25,849.76,0.1,69.715
1155,2026-06-18 03:00:00,16.19,82.59,850.11,1.23,69.741
1156,2026-06-18 04:00:00,16.9,81.25,850.49,0.0,69.772
1157,2026-06-18 05:00:00,17.72,79.24,850.58,0.0,69.809
1158,2026-06-18 06:00:00,18.86,76.5,801.22,0.0,69.846
1159,2026-06-18 07:00:00,20.46,73.37,762.26,112.51,69.896
1160,2026-06-18 08:00:00,22.18,70.1,723.61,300.48,69.958
1161,2026-06-18 09:00:00,23.67,66.31,695.75,505.28,70.025
1162,2026-06-18 10:00:00,24.95,63.27,669.82,685.0,70.095
1163,2026-06-18 11:00:00,26.18,60.6,656.56,805.77,70.165
1164,2026-06-18 12:00:00,27.19,58.68,651.56,849.59,70.228
1165,2026-06-18 13:00:00,27.81,57.08,655.29,807.37,70.285
1166,2026-06-18 14:00:00,28.02,56.74,670.29,682.94,70.34
1167,2026-06-18 15:00:00,27.87,57.04,692.82,503.4,70.394
1168,2026-06-18 16:00:00,27.14,58.59,726.12,302.63,70.448
1169,2026-06-18 17:00:00,26.35,60.68,760.41,111.44,70.496
1170,2026-06-18 18:00:00,24.99,63.47,799.84,0.76,70.534
1171,2026-06-18 19:00:00,23.44,66.53,849.44,0.0,70.572
1172,2026-06-18 20:00:00,22.0,70.02,850.25,0.0,70.61
1173,2026-06-18 21:00:00,20.49,73.38,848.93,0.96,70.648
1174,2026-06-18 22:00:00,18.93,76.82,848.83,0.0,70.686
1175,2026-06-18 23:00:00,17.79,79.42,849.91,0.42,70.723
1176,2026-06-19 00:00:00,16.9,81.63,848.67,1.42,70.754
1177,2026-06-19 01:00:00,16.14,82.82,851.73,0.0,70.779
1178,2026-06-19 02:00:00,15.94,83.14,849.02,0.7,70.803
1179,2026-06-19 03:00:00,16.17,82.51,849.34,0.0,70.828
1180,2026-06-19 04:00:00,16.85,81.52,850.22,0.65,70.859
1181,2026-06-19 05:00:00,17.76,79.47,849.03,1.89,70.896
1182,2026-06-19 06:00:00,18.89,76.42,800.74,0.16,70.933
1183,2026-06-19 07:00:00,20.43,73.57,762.77,111.61,70.983
1184,2026-06-19 08:00:00,22.07,70.04,723.48,300.69,71.043
1185,2026-06-19 09:00:00,23.62,66.51,695.34,505.62,71.11
1186,2026-06-19 10:00:00,25.07,63.41,670.16,685.75,71.179
1187,2026-06-19 11:00:00,26.14,60.58,656.16,807.03,71.249
1188,2026-06-19 12:00:00,27.16,58.61,651.85,847.58,71.312
1189,2026-06-19 13:00:00,27.8,57.19,654.14,809.32,71.369
1190,2026-06-19 14:00:00,27.98,56.96,668.84,683.23,71.424
1191,2026-06-19 15:00:00,27.63,57.39,696.23,506.66,71.479
1192,2026-06-19 16:00:00,27.17,58.47,725.15,300.89,71.532
1193,2026-06-19 17:00:00,26.12,60.91,761.06,113.06,71.581
1194,2026-06-19 18:00:00,25.15,63.66,798.99,0.0,71.618
1195,2026-06-19 19:00:00,23.43,66.76,848.39,0.63,71.656
1196,2026-06-19 20:00:00,21.95,70.01,849.25,0.0,71.693
1197,2026-06-19 21:00:00,20.52,73.46,849.83,0.89,71.731
1198,2026-06-19 22:00:00,18.91,76.66,849.13,0.04,71.769
1199,2026-06-19 23:00:00,17.77,79.48,849.22,0.0,71.806
1200,2026-06-20 00:00:00,16.68,81.43,851.15,2.69,71.836
1201,2026-06-20 01:00:00,16.21,82.56,851.0,0.0,71.861
1202,2026-06-20 02:00:00,16.03,83.31,850.63,0.0,71.885
1203,2026-06-20 03:00:00,16.23,82.58,850.81,2.11,71.911
1204,2026-06-20 04:00:00,16.84,81.09,850.86,0.0,71.941
1205,2026-06-20 05:00:00,17.84,79.64,851.25,0.0,71.978
1206,2026-06-20 06:00:00,18.89,76.61,799.2,2.09,72.015
1207,2026-06-20 07:00:00,20.52,73.3,762.15,111.22,72.065
1208,2026-06-20 08:00:00,22.08,69.94,725.91,299.6,72.125
1209,2026-06-20 09:00:00,23.43,66.39,693.51,505.34,72.191
1210,2026-06-20 10:00:00,24.87,63.39,670.89,686.15,72.259
1211,2026-06-20 11:00:00,26.2,60.43,657.67,805.03,72.328
1212,2026-06-20 12:00:00,27.2,58.81,649.63,850.04,72.391
1213,2026-06-20 13:00:00,27.76,57.26,655.66,807.23,72.448
1214,2026-06-20 14:00:00,27.93,56.93,671.36,683.2,72.502
1215,2026-06-20 15:00:00,27.71,57.26,694.25,506.85,72.556
1216,2026-06-20 16:00:00,27.23,58.5,726.39,300.7,72.608
1217,2026-06-20 17:00:00,26.31,60.55,761.61,112.78,72.656
1218,2026-06-20 18:00:00,25.19,63.29,800.7,1.16,72.693
1219,2026-06-20 19:00:00,23.6,66.53,849.85,0.27,72.731
1220,2026-06-20 20:00:00,22.04,70.23,850.7,0.0,72.768
1221,2026-06-20 21:00:00,20.32,73.43,850.01,0.84,72.806
1222,2026-06-20 22:00:00,19.0,76.45,849.34,0.0,72.843
1223,2026-06-20 23:00:00,17.67,79.23,850.01,0.0,72.879
1224,2026-06-21 00:00:00,16.83,81.51,850.51,0.13,72.909
1225,2026-06-21 01:00:00,16.16,82.58,850.87,0.33,72.934
1226,2026-06-21 02:00:00,16.06,83.09,850.04,0.0,72.958
1227,2026-06-21 03:00:00,16.22,82.6,848.94,0.0,72.983
1228,2026-06-21 04:00:00,16.77,81.39,849.3,0.85,73.013
1229,2026-06-21 05:00:00,17.81,79.38,850.4,0.0,73.049
1230,2026-06-21 06:00:00,19.15,76.79,799.87,0.46,73.086
1231,2026-06-21 07:00:00,20.33,73.26,761.94,114.04,73.135
1232,2026-06-21 08:00:00,22.11,69.95,725.13,299.41,73.195
1233,2026-06-21 09:00:00,23.53,66.79,693.86,504.49,73.26
1234,2026-06-21 10:00:00,24.98,63.21,671.37,686.3,73.328
1235,2026-06-21 11:00:00,26.33,60.36,654.93,806.74,73.396
1236,2026-06-21 12:00:00,27.36,58.38,650.31,849.69,73.456
1237,2026-06-21 13:00:00,27.84,57.17,654.2,807.35,73.512
1238,2026-06-21 14:00:00,28.04,56.74,670.86,686.06,73.565
1239,2026-06-21 15:00:00,27.85,57.27,694.92,507.25,73.618
1240,2026-06-21 16:00:00,27.11,58.51,724.97,300.19,73.671
1241,2026-06-21 17:00:00,26.24,60.6,759.12,110.94,73.718
1242,2026-06-21 18:00:00,24.83,63.66,799.58,0.0,73.755
1243,2026-06-21 19:00:00,23.38,66.72,850.3,0.0,73.792
1244,2026-06-21 20:00:00,21.96,70.0,849.83,0.2,73.829
1245,2026-06-21 21:00:00,20.47,73.41,848.57,1.47,73.866
1246,2026-06-21 22:00:00,19.0,76.55,850.01,0.41,73.904
1247,2026-06-21 23:00:00,17.66,79.28,849.92,0.42,73.939
1248,2026-06-22 00:00:00,16.94,81.41,850.31,0.46,73.969
1249,2026-06-22 01:00:00,16.17,82.8,849.4,2.34,73.994
1250,2026-06-22 02:00:00,16.11,83.22,849.93,0.0,74.018
1251,2026-06-22 03:00:00,16.24,82.47,849.69,0.0,74.043
1252,2026-06-22 04:00:00,16.81,81.44,849.28,0.69,74.073
1253,2026-06-22 05:00:00,17.88,79.39,850.22,0.25,74.109
1254,2026-06-22 06:00:00,19.03,76.43,799.23,0.06,74.145
1255,2026-06-22 07:00:00,20.5,73.48,761.26,108.33,74.194
1256,2026-06-22 08:00:00,22.03,70.05,726.26,302.42,74.253
1257,2026-06-22 09:00:00,23.49,66.58,693.05,504.33,74.318
1258,2026-06-22 10:00:00,25.06,63.42,671.0,683.48,74.385
1259,2026-06-22 11:00:00,26.23,60.59,653.85,804.61,74.453
1260,2026-06-22 12:00:00,27.27,58.43,649.01,850.5,74.513
1261,2026-06-22 13:00:00,27.81,57.26,654.08,809.53,74.569
1262,2026-06-22 14:00:00,28.07,57.08,668.62,684.73,74.622
1263,2026-06-22 15:00:00,27.72,57.08,694.41,506.14,74.675
1264,2026-06-22 16:00:00,27.23,58.89,726.37,299.3,74.726
1265,2026-06-22 17:00:00,26.27,60.73,761.98,112.99,74.774
1266,2026-06-22 18:00:00,25.13,63.57,801.47,0.46,74.81
1267,2026-06-22 19:00:00,23.43,66.73,849.16,0.0,74.847
1268,2026-06-22 20:00:00,21.96,69.95,850.32,1.38,74.884
1269,2026-06-22 21:00:00,20.52,73.53,849.95,1.79,74.921
1270,2026-06-22 22:00:00,18.99,76.68,848.53,0.0,74.958
1271,2026-06-22 23:00:00,17.74,79.43,850.66,0.0,74.993
1272,2026-06-23 00:00:00,16.87,81.3,851.45,1.5,75.023
1273,2026-06-23 01:00:00,16.14,82.85,850.37,0.0,75.047
1274,2026-06-23 02:00:00,15.98,83.03,849.93,0.58,75.071
1275,2026-06-23 03:00:00,16.2,82.91,850.78,0.73,75.095
1276,2026-06-23 04:00:00,16.75,81.35,849.9,0.0,75.124
1277,2026-06-23 05:00:00,17.86,79.05,851.15,0.0,75.16
1278,2026-06-23 06:00:00,18.89,76.67,800.88,0.0,75.196
1279,2026-06-23 07:00:00,20.44,73.23,761.28,110.91,75.244
1280,2026-06-23 08:00:00,21.99,69.99,725.95,301.88,75.303
1281,2026-06-23 09:00:00,23.61,66.59,692.19,507.12,75.367
1282,2026-06-23 10:00:00,24.95,63.27,669.6,683.99,75.434
1283,2026-06-23 11:00:00,26.25,60.58,656.28,805.18,75.501
1284,2026-06-23 12:00:00,27.15,58.18,650.12,852.04,75.562
1285,2026-06-23 13:00:00,27.75,57.17,654.57,808.07,75.617
1286,2026-06-23 14:00:00,28.07,56.55,670.43,687.12,75.669
1287,2026-06-23 15:00:00,27.74,57.16,692.81,504.6,75.722
1288,2026-06-23 16:00:00,27.07,58.62,724.26,300.69,75.773
1289,2026-06-23 17:00:00,26.2,60.57,763.05,110.93,75.82
1290,2026-06-23 18:00:00,24.97,63.33,800.48,0.0,75.856
1291,2026-06-23 19:00:00,23.63,66.71,850.33,0.0,75.893
1292,2026-06-23 20:00:00,21.95,69.6,848.79,1.71,75.93
1293,2026-06-23 21:00:00,20.47,73.68,850.3,0.0,75.966
1294,2026-06-23 22:00:00,18.99,76.61,848.22,0.24,76.003
1295,2026-06-23 23:00:00,17.83,79.43,849.03,0.12,76.038
1296,2026-06-24 00:00:00,16.8,81.56,849.65,0.7,76.067
1297,2026-06-24 01:00:00,16.05,82.67,851.04,0.0,76.091
1298,2026-06-24 02:00:00,16.09,83.12,846.93,0.86,76.115
1299,2026-06-24 03:00:00,16.12,82.81,851.23,0.34,76.139
1300,2026-06-24 04:00:00,16.8,81.49,849.25,2.23,76.168
1301,2026-06-24 05:00:00,17.94,79.52,848.86,0.37,76.204
1302,2026-06-24 06:00:00,18.9,76.44,799.72,0.27,76.24
1303,2026-06-24 07:00:00,20.43,73.49,761.92,112.57,76.287
1304,2026-06-24 08:00:00,22.02,69.99,726.95,301.03,76.345
1305,2026-06-24 09:00:00,23.62,66.46,692.85,506.09,76.409
1306,2026-06-24 10:00:00,25.02,63.58,669.64,684.15,76.476
1307,2026-06-24 11:00:00,26.3,60.86,653.53,808.93,76.542
1308,2026-06-24 12:00:00,27.05,58.77,648.32,849.51,76.603
1309,2026-06-24 13:00:00,27.77,57.27,653.95,804.3,76.658
1310,2026-06-24 14:00:00,27.93,56.94,670.11,685.18,76.71
1311,2026-06-24 15:00:00,27.77,57.26,694.7,507.62,76.762
1312,2026-06-24 16:00:00,27.18,58.52,724.57,301.97,76.813
1313,2026-06-24 17:00:00,26.3,60.52,761.98,111.58,76.859
1314,2026-06-24 18:00:00,24.95,63.39,800.31,0.0,76.895
1315,2026-06-24 19:00:00,23.49,66.88,850.18,0.56,76.931
1316,2026-06-24 20:00:00,22.04,70.0,849.24,1.47,76.968
1317,2026-06-24 21:00:00,20.55,73.55,849.16,0.78,77.004
1318,2026-06-24 22:00:00,19.05,76.66,848.81,1.25,77.04
1319,2026-06-24 23:00:00,17.85,79.3,850.48,0.0,77.076
1320,2026-06-25 00:00:00,16.86,81.32,850.36,1.88,77.105
1321,2026-06-25 01:00:00,16.19,82.83,849.75,0.0,77.129
1322,2026-06-25 02:00:00,15.97,83.03,847.86,1.52,77.152
1323,2026-06-25 03:00:00,16.28,82.79,850.56,0.27,77.177
1324,2026-06-25 04:00:00,16.8,81.41,850.96,0.0,77.205
1325,2026-06-25 05:00:00,17.66,79.33,852.26,1.13,77.24
1326,2026-06-25 06:00:00,19.02,76.58,800.02,0.91,77.276
1327,2026-06-25 07:00:00,20.41,73.44,760.39,111.85,77.323
1328,2026-06-25 08:00:00,21.99,69.94,724.32,302.62,77.381
1329,2026-06-25 09:00:00,23.55,66.21,694.29,504.8,77.444
1330,2026-06-25 10:00:00,25.01,63.6,669.52,685.75,77.51
1331,2026-06-25 11:00:00,26.29,60.52,656.15,806.86,77.575
1332,2026-06-25 12:00:00,27.29,58.56,650.72,849.61,77.634
1333,2026-06-25 13:00:00,27.97,57.3,656.0,805.38,77.688
1334,2026-06-25 14:00:00,28.04,57.06,671.16,683.06,77.74
1335,2026-06-25 15:00:00,27.79,57.38,693.95,503.93,77.791
1336,2026-06-25 16:00:00,27.29,58.57,724.71,298.35,77.841
1337,2026-06-25 17:00:00,26.16,60.5,760.19,111.97,77.887
1338,2026-06-25 18:00:00,25.0,63.08,797.37,0.0,77.923
1339,2026-06-25 19:00:00,23.62,66.3,850.25,0.17,77.958
1340,2026-06-25 20:00:00,21.9,70.15,851.63,1.33,77.995
1341,2026-06-25 21:00:00,20.29,73.35,850.2,0.0,78.031
1342,2026-06-25 22:00:00,18.92,76.48,850.57,0.0,78.067
1343,2026-06-25 23:00:00,17.69,79.42,849.69,0.85,78.101
1344,2026-06-26 00:00:00,16.68,81.8,850.98,0.62,78.129
1345,2026-06-26 01:00:00,16.15,82.85,850.53,0.24,78.152
1346,2026-06-26 02:00:00,15.89,83.26,850.42,0.32,78.174
1347,2026-06-26 03:00:00,16.28,83.04,851.45,0.0,78.198
1348,2026-06-26 04:00:00,16.78,81.51,846.45,1.26,78.227
1349,2026-06-26 05:00:00,17.67,79.41,850.0,0.0,78.261
1350,2026-06-26 06:00:00,18.96,76.65,797.97,0.0,78.296
1351,2026-06-26 07:00:00,20.46,73.37,760.59,111.09,78.343
1352,2026-06-26 08:00:00,22.0,70.09,723.62,300.16,78.4
1353,2026-06-26 09:00:00,23.57,66.45,694.38,503.87,78.463
1354,2026-06-26 10:00:00,25.07,63.33,669.37,685.66,78.528
1355,2026-06-26 11:00:00,26.19,60.7,654.24,807.54,78.593
1356,2026-06-26 12:00:00,27.19,58.46,651.12,847.03,78.652
1357,2026-06-26 13:00:00,27.75,57.18,654.68,808.46,78.706
1358,2026-06-26 14:00:00,27.96,56.96,669.93,684.05,78.758
1359,2026-06-26 15:00:00,27.69,57.25,693.16,505.61,78.809
1360,2026-06-26 16:00:00,27.13,58.84,724.69,300.43,78.86
1361,2026-06-26 17:00:00,26.29,60.5,760.77,112.82,78.906
1362,2026-06-26 18:00:00,24.97,63.29,799.58,0.43,78.941
1363,2026-06-26 19:00:00,23.61,66.44,851.0,1.35,78.976
1364,2026-06-26 20:00:00,22.0,70.36,850.86,0.0,79.012
1365,2026-06-26 21:00:00,20.5,73.24,848.45,0.04,79.048
1366,2026-06-26 22:00:00,18.95,76.54,850.07,0.72,79.083
1367,2026-06-26 23:00:00,17.68,79.52,851.19,0.4,79.118
1368,2026-06-27 00:00:00,16.91,81.4,848.97,0.62,79.146
1369,2026-06-27 01:00:00,16.26,82.8,849.82,0.06,79.17
1370,2026-06-27 02:00:00,16.01,83.18,850.37,0.0,79.193
1371,2026-06-27 03:00:00,16.27,82.95,851.31,0.0,79.217
1372,2026-06-27 04:00:00,16.89,81.55,850.19,1.22,79.245
1373,2026-06-27 05:00:00,17.65,79.46,849.11,0.0,79.279
1374,2026-06-27 06:00:00,19.01,76.42,800.39,1.21,79.314
1375,2026-06-27 07:00:00,20.45,73.42,760.7,112.74,79.361
1376,2026-06-27 08:00:00,21.87,69.8,723.77,302.08,79.417
1377,2026-06-27 09:00:00,23.49,66.59,693.6,504.95,79.479
1378,2026-06-27 10:00:00,24.87,63.49,668.51,684.2,79.544
1379,2026-06-27 11:00:00,26.2,60.81,655.05,808.14,79.609
1380,2026-06-27 12:00:00,27.12,58.7,649.75,850.11,79.668
1381,2026-06-27 13:00:00,27.74,57.33,656.81,808.33,79.722
1382,2026-06-27 14:00:00,28.07,56.79,670.84,684.24,79.773
1383,2026-06-27 15:00:00,27.8,57.15,693.89,507.93,79.823
1384,2026-06-27 16:00:00,27.2,58.51,723.53,301.21,79.873
1385,2026-06-27 17:00:00,26.15,60.77,761.16,110.8,79.918
1386,2026-06-27 18:00:00,24.92,63.52,800.72,0.41,79.953
1387,2026-06-27 19:00:00,23.67,66.76,849.55,0.0,79.988
1388,2026-06-27 20:00:00,22.05,69.99,850.58,0.86,80.024
1389,2026-06-27 21:00:00,20.4,73.5,849.63,2.08,80.059
1390,2026-06-27 22:00:00,19.0,76.41,850.88,0.0,80.095
1391,2026-06-27 23:00:00,17.85,79.55,848.78,0.0,80.129
1392,2026-06-28 00:00:00,16.97,81.47,850.04,0.28,80.158
1393,2026-06-28 01:00:00,16.21,82.83,849.8,0.0,80.181
1394,2026-06-28 02:00:00,16.1,83.08,849.66,0.0,80.204
1395,2026-06-28 03:00:00,16.3,82.7,849.37,0.0,80.228
1396,2026-06-28 04:00:00,16.82,81.59,849.07,0.0,80.256
1397,2026-06-28 05:00:00,17.71,79.12,850.62,1.14,80.29
1398,2026-06-28 06:00:00,19.05,76.51,799.65,1.7,80.325
1399,2026-06-28 07:00:00,20.45,73.36,760.01,109.52,80.371
1400,2026-06-28 08:00:00,22.0,70.09,723.65,301.9,80.427
1401,2026-06-28 09:00:00,23.57,66.72,695.25,506.37,80.489
1402,2026-06-28 10:00:00,25.18,63.39,669.89,684.29,80.553
1403,2026-06-28 11:00:00,26.35,60.77,654.4,807.85,80.616
1404,2026-06-28 12:00:00,27.23,58.32,651.43,849.4,80.674
1405,2026-06-28 13:00:00,27.71,57.36,655.9,807.89,80.728
1406,2026-06-28 14:00:00,28.08,56.94,670.87,684.34,80.778
1407,2026-06-28 15:00:00,27.75,57.46,693.38,504.55,80.828
1408,2026-06-28 16:00:00,27.15,58.54,726.16,301.12,80.878
1409,2026-06-28 17:00:00,26.2,60.84,760.88,111.12,80.923
1410,2026-06-28 18:00:00,25.06,63.54,801.16,0.0,80.957
1411,2026-06-28 19:00:00,23.54,66.37,848.18,0.0,80.992
1412,2026-06-28 20:00:00,21.95,70.03,849.58,0.0,81.027
1413,2026-06-28 21:00:00,20.48,73.4,850.62,0.83,81.062
1414,2026-06-28 22:00:00,18.85,76.73,849.06,0.11,81.097
1415,2026-06-28 23:00:00,17.8,79.47,850.67,0.2,81.131
1416,2026-06-29 00:00:00,16.83,81.67,850.56,0.0,81.159
1417,2026-06-29 01:00:00,16.14,82.9,849.75,1.46,81.182
1418,2026-06-29 02:00:00,16.04,83.12,848.77,0.0,81.204
1419,2026-06-29 03:00:00,16.21,82.76,848.85,0.0,81.228
1420,2026-06-29 04:00:00,16.83,81.3,849.63,1.09,81.256
1421,2026-06-29 05:00:00,17.73,79.48,849.86,0.43,81.29
1422,2026-06-29 06:00:00,19.11,76.75,801.35,0.0,81.324
1423,2026-06-29 07:00:00,20.46,73.54,761.89,112.02,81.37
1424,2026-06-29 08:00:00,22.1,70.0,725.37,301.06,81.425
1425,2026-06-29 09:00:00,23.56,66.59,695.27,506.51,81.487
1426,2026-06-29 10:00:00,25.15,63.41,669.34,684.58,81.55
1427,2026-06-29 11:00:00,26.2,60.81,654.13,805.72,81.614
1428,2026-06-29 12:00:00,27.19,58.19,649.7,849.74,81.671
1429,2026-06-29 13:00:00,27.6,57.47,654.39,807.89,81.725
1430,2026-06-29 14:00:00,28.17,56.78,669.07,685.9,81.774
1431,2026-06-29 15:00:00,27.81,57.3,693.46,504.08,81.824
1432,2026-06-29 16:00:00,27.23,58.51,725.45,299.87,81.872
1433,2026-06-29 17:00:00,26.13,60.49,761.75,113.03,81.917
1434,2026-06-29 18:00:00,24.99,63.31,799.97,0.0,81.951
1435,2026-06-29 19:00:00,23.49,66.59,851.05,0.3,81.986
1436,2026-06-29 20:00:00,22.06,69.97,850.71,0.0,82.021
1437,2026-06-29 21:00:00,20.57,73.47,850.07,3.56,82.056
1438,2026-06-29 22:00:00,19.17,76.45,851.1,2.7,82.091
1439,2026-06-29 23:00:00,17.79,79.13,849.51,0.0,82.125
